#SampleID,BarcodeSequence,LinkerPrimerSequence,ReversePrimer,Plate,WellPosition,Patient,TreatmentNum,height,weight,weight_gain,weight_gain_pairwise,no_abx_A_B_nogain_gain_pairwise,yes_vs_no_abx_A_B_nogain_pairwise,yes_abx_AB_nogain_no_abx_AB_gain_pairwise,Treat_Gain,Treat_Gain_A_C,Treat_Gain_A_C_no_abx,Treat_Gain_A_C_yes_abx,Treat_Gain_B_C,Treat_Gain_B_C_no_abx,Treat_Gain_B_C_yes_abx,antibiotics,antibiotics_pairwise,control_gain_weight,R_gainw_7,R_nogain_16,R_yes_abx_A_nogain,R_yes_abx_A_gainw,R_no_abx_A_nogain,R_no_abx_A_gainw,R_yes_abx_B,R_no_abx_B_nogain,R_no_abx_B_gainw,R_no_abx_A_B_nogain,R_no_abx_A_B_gainw,no_abx_A_B_total,R_yes_abx_A_B,Description,antibiotics_treat_gain,dose_antibiotics,dose_antibiotics_treat_gain,circumference,circumference_range,BMI,_BMI_range
1A,TAGGACGGGAGT,TATGGTAATTGTGTGCCAGCMGCCGCGGTAA,ATTAGAWACCCBDGTAGTCCGGCTGACTGACT,4,A1,1,A,1.59,65.5,Y,Y,NA,NA,NA,A.Y,C.gain_weight,NA,C.gain_weight_yes_abx,NA,,,yes_abx_A,yes_abx,A,A,,,A.Y,,,,,A.Y,NA,NA,,NA,1A,yes_abx_A.Y,yes_abx_A_s,yes_abx_A.Y_s,89.5,AO,25.9,OV
1B,GTTTGGCCACAC,TATGGTAATTGTGTGCCAGCMGCCGCGGTAA,ATTAGAWACCCBDGTAGTCCGGCTGACTGACT,4,B1,1,B,1.59,70.5,Y,Y,NA,NA,NA,B.Y,NA,NA,NA,C.gain_weight,C.gain_weight_no_abx,,no_abx_B,no_abx,B,B,,,B.Y,,,,,B.Y,NA,NA,B,NA,1B,no_abx_B.Y,NA,NA,91,AO,27.8,OV
1C,TATATAGTATCC,TATGGTAATTGTGTGCCAGCMGCCGCGGTAA,ATTAGAWACCCBDGTAGTCCGGCTGACTGACT,4,C1,1,C,1.59,72.2,Y,NA,NA,NA,NA,C.Y,NA,NA,NA,NA,,,NA,NA,NA,C,,,C.Y,,,,,C.Y,NA,NA,,NA,1C,NA,NA,NA,92,AO,28.5,OV
1D,CATAAGGGAGGC,TATGGTAATTGTGTGCCAGCMGCCGCGGTAA,ATTAGAWACCCBDGTAGTCCGGCTGACTGACT,4,D1,1,D,1.59,73,Y,NA,NA,NA,NA,D.Y,NA,NA,NA,NA,,,NA,NA,NA,,,,,,,,,,NA,NA,,NA,1D,NA,NA,NA,90,AO,29.2,OV
1E,GTGCAACCAATC,TATGGTAATTGTGTGCCAGCMGCCGCGGTAA,ATTAGAWACCCBDGTAGTCCGGCTGACTGACT,4,E1,1,E,1.59,NA,Y,NA,NA,NA,NA,E.Y,NA,NA,NA,NA,,,NA,NA,NA,,,,,,,,,,NA,NA,,NA,1E,NA,NA,NA,NA,AO,NA,NA
2A,CTCACCTAGGAA,TATGGTAATTGTGTGCCAGCMGCCGCGGTAA,ATTAGAWACCCBDGTAGTCCGGCTGACTGACT,4,F1,2,A,1.58,85,N,N,NA,NA,NA,A.N,C.didnt_gain_weight,NA,C.didnt_gain_weight_yes_abx,NA,,,yes_abx_A,yes_abx,A,,A,A.N,,,,,A.N,,NA,NA,,NA,2A,yes_abx_A.N,yes_abx_A_c,yes_abx_A.N_c,106,AO,34.05,OB1
2B,TACTGTACTGTT,TATGGTAATTGTGTGCCAGCMGCCGCGGTAA,ATTAGAWACCCBDGTAGTCCGGCTGACTGACT,4,G1,2,B,1.58,86.8,N,N,NA,NA,NA,B.N,NA,NA,NA,C.didnt_gain_weight,C.didnt_gain_weight_no_abx,,no_abx_B,no_abx,B,,B,B.N,,,,,B.N,,NA,NA,B,NA,2B,no_abx_B.N,NA,NA,105,AO,34.7,OB1
2C,CTAGAGCTCCCA,TATGGTAATTGTGTGCCAGCMGCCGCGGTAA,ATTAGAWACCCBDGTAGTCCGGCTGACTGACT,4,H1,2,C,1.58,82.6,N,NA,NA,NA,NA,C.N,NA,NA,NA,NA,,,NA,NA,NA,,C,C.N,,,,,C.N,,NA,NA,,NA,2C,NA,NA,NA,100,AO,33.08,OB1
2D,AAGTCTTATCTC,TATGGTAATTGTGTGCCAGCMGCCGCGGTAA,ATTAGAWACCCBDGTAGTCCGGCTGACTGACT,4,A2,2,D,1.58,NA,N,NA,NA,NA,NA,D.N,NA,NA,NA,NA,,,NA,NA,NA,,,,,,,,,,NA,NA,,NA,2D,NA,NA,NA,NA,AO,NA,NA
2E,GTCCTACACAGC,TATGGTAATTGTGTGCCAGCMGCCGCGGTAA,ATTAGAWACCCBDGTAGTCCGGCTGACTGACT,4,B2,2,E,1.58,NA,N,NA,NA,NA,NA,E.N,NA,NA,NA,NA,,,NA,NA,NA,,,,,,,,,,NA,NA,,NA,2E,NA,NA,NA,NA,AO,NA,NA
3A,ACTGTTTACTGT,TATGGTAATTGTGTGCCAGCMGCCGCGGTAA,ATTAGAWACCCBDGTAGTCCGGCTGACTGACT,4,C2,3,A,1.7,86.6,N,N,NA,NA,NA,A.N,C.didnt_gain_weight,NA,C.didnt_gain_weight_yes_abx,NA,,,yes_abx_A,yes_abx,A,,A,A.N,,,,,A.N,,NA,NA,,NA,3A,yes_abx_A.N,yes_abx_A_s,yes_abx_A.N_s,100,AO,29.96,OV
3B,CAGGCCACTCTC,TATGGTAATTGTGTGCCAGCMGCCGCGGTAA,ATTAGAWACCCBDGTAGTCCGGCTGACTGACT,4,D2,3,B,1.7,86,N,N,NA,NA,NA,B.N,NA,NA,NA,C.didnt_gain_weight,C.didnt_gain_weight_no_abx,,no_abx_B,no_abx,B,,B,B.N,,,,,B.N,,NA,NA,B,NA,3B,no_abx_B.N,NA,NA,100,AO,29.75,OV
3C,ACCCAAGCGTTA,TATGGTAATTGTGTGCCAGCMGCCGCGGTAA,ATTAGAWACCCBDGTAGTCCGGCTGACTGACT,4,E2,3,C,1.7,86,N,NA,NA,NA,NA,C.N,NA,NA,NA,NA,,,NA,NA,NA,,C,C.N,,,,,C.N,,NA,NA,,NA,3C,NA,NA,NA,102,AO,29.75,OV
4A,AGATGCAATGAT,TATGGTAATTGTGTGCCAGCMGCCGCGGTAA,ATTAGAWACCCBDGTAGTCCGGCTGACTGACT,4,F2,4,A,1.53,77.6,Y,Y,NA,NA,NA,A.Y,C.gain_weight,NA,C.gain_weight_yes_abx,NA,,,yes_abx_A,yes_abx,A,A,,,A.Y,,,,,A.Y,NA,NA,,NA,4A,yes_abx_A.Y,yes_abx_A_c,yes_abx_A.Y_c,96,AO,33.14,OB1
4B,TCTCGCACTGGA,TATGGTAATTGTGTGCCAGCMGCCGCGGTAA,ATTAGAWACCCBDGTAGTCCGGCTGACTGACT,4,G2,4,B,1.53,81,Y,Y,NA,NA,NA,B.Y,NA,NA,NA,C.gain_weight,C.gain_weight_no_abx,,no_abx_B,no_abx,B,B,,,B.Y,,,,,B.Y,NA,NA,B,NA,4B,no_abx_B.Y,NA,NA,99,AO,34.6,OB1
4C,GGTCTTAGCACC,TATGGTAATTGTGTGCCAGCMGCCGCGGTAA,ATTAGAWACCCBDGTAGTCCGGCTGACTGACT,4,H2,4,C,1.53,82.3,Y,NA,NA,NA,NA,C.Y,NA,NA,NA,NA,,,NA,NA,NA,C,,,C.Y,,,,,C.Y,NA,NA,,NA,4C,NA,NA,NA,102,AO,35.15,OB2
4D,TTGCACCGTCGA,TATGGTAATTGTGTGCCAGCMGCCGCGGTAA,ATTAGAWACCCBDGTAGTCCGGCTGACTGACT,4,A3,4,D,1.53,78.3,N,NA,NA,NA,NA,D.N,NA,NA,NA,NA,,,NA,NA,NA,,,,,,,,,,NA,NA,,NA,4D,NA,NA,NA,100,AO,33.44,OB1
5A,ATTTACAATTGA,TATGGTAATTGTGTGCCAGCMGCCGCGGTAA,ATTAGAWACCCBDGTAGTCCGGCTGACTGACT,4,B3,5,A,1.53,63.7,N,N,no_abx_N,no_abx_N,NA,A.N,C.didnt_gain_weight,C.didnt_gain_weight_no_abx,NA,NA,,,no_abx_A,no_abx,A,,,,,A.N,,,A.N,,A_N,NA,A ,NA,5A,no_abx_A.N,NA,NA,90,AO,27.21,OV
5B,GTCACGGACATT,TATGGTAATTGTGTGCCAGCMGCCGCGGTAA,ATTAGAWACCCBDGTAGTCCGGCTGACTGACT,4,C3,5,B,1.53,65,N,N,no_abx_N,no_abx_N,NA,B.N,NA,NA,NA,C.didnt_gain_weight,C.didnt_gain_weight_no_abx,,no_abx_B,no_abx,B,,,,,B.N,,,B.N,,B_N,NA,B,NA,5B,no_abx_B.N,NA,NA,90,AO,27.76,OV
5C,ACAGTTGTACGC,TATGGTAATTGTGTGCCAGCMGCCGCGGTAA,ATTAGAWACCCBDGTAGTCCGGCTGACTGACT,4,D3,5,C,1.53,65.9,N,NA,NA,NA,NA,C.N,NA,NA,NA,NA,,,NA,NA,NA,,,,,C.N,,,C.N,,C_N,NA,,NA,5C,NA,NA,NA,90,AO,28.15,OV
6A,ACTGGCAAACCT,TATGGTAATTGTGTGCCAGCMGCCGCGGTAA,ATTAGAWACCCBDGTAGTCCGGCTGACTGACT,4,E3,6,A,1.53,66.5,N,N,NA,NA,NA,A.N,C.didnt_gain_weight,NA,C.didnt_gain_weight_yes_abx,NA,,,yes_abx_A,yes_abx,A,,A,A.N,,,,,A.N,,NA,NA,,NA,6A,yes_abx_A.N,yes_abx_A_s,yes_abx_A.N_s,98,AO,28.4,OV
6B,GCATTCGGCGTT,TATGGTAATTGTGTGCCAGCMGCCGCGGTAA,ATTAGAWACCCBDGTAGTCCGGCTGACTGACT,4,F3,6,B,1.53,62.4,N,N,NA,NA,NA,B.N,NA,NA,NA,C.didnt_gain_weight,C.didnt_gain_weight_no_abx,,no_abx_B,no_abx,B,,B,B.N,,,,,B.N,,NA,NA,B,NA,6B,no_abx_B.N,NA,NA,93,AO,26.65,OV
6C,ACCAGTGACTCA,TATGGTAATTGTGTGCCAGCMGCCGCGGTAA,ATTAGAWACCCBDGTAGTCCGGCTGACTGACT,4,G3,6,C,1.53,61.3,N,NA,NA,NA,NA,C.N,NA,NA,NA,NA,,,NA,NA,NA,,C,C.N,,,,,C.N,,NA,NA,,NA,6C,NA,NA,NA,90,AO,26.18,OV
6D,GCCTACTCTCGG,TATGGTAATTGTGTGCCAGCMGCCGCGGTAA,ATTAGAWACCCBDGTAGTCCGGCTGACTGACT,4,H3,6,D,1.53,NA,N,NA,NA,NA,NA,D.N,NA,NA,NA,NA,,,NA,NA,NA,,,,,,,,,,NA,NA,,NA,6D,NA,NA,NA,NA,AO,NA,NA
7A,CTCCGAACAACA,TATGGTAATTGTGTGCCAGCMGCCGCGGTAA,ATTAGAWACCCBDGTAGTCCGGCTGACTGACT,4,A4,7,A,1.62,62,N,N,no_abx_N,no_abx_N,NA,A.N,C.didnt_gain_weight,C.didnt_gain_weight_no_abx,NA,NA,,,no_abx_A,no_abx,A,,A,,,A.N,,,A.N,,A_N,NA,A,NA,7A,no_abx_A.N,NA,NA,81,N,23.62,N
7B,CCACTGCCCACC,TATGGTAATTGTGTGCCAGCMGCCGCGGTAA,ATTAGAWACCCBDGTAGTCCGGCTGACTGACT,4,B4,7,B,1.62,61.5,N,N,no_abx_N,no_abx_N,NA,B.N,NA,NA,NA,C.didnt_gain_weight,C.didnt_gain_weight_no_abx,,no_abx_B,no_abx,B,,B,,,B.N,,,B.N,,B_N,NA,B,NA,7B,no_abx_B.N,NA,NA,86,N,23.43,N
7C,GAATATACCTGG,TATGGTAATTGTGTGCCAGCMGCCGCGGTAA,ATTAGAWACCCBDGTAGTCCGGCTGACTGACT,4,C4,7,C,1.62,62,N,NA,NA,NA,NA,C.N,NA,NA,NA,NA,,,NA,NA,NA,,C,,,C.N,,,C.N,,C_N,NA,,NA,7C,NA,NA,NA,86,N,23.62,N
7D,ACCAGAAATGTC,TATGGTAATTGTGTGCCAGCMGCCGCGGTAA,ATTAGAWACCCBDGTAGTCCGGCTGACTGACT,4,D4,7,D,1.62,63.5,N,NA,NA,NA,NA,D.N,NA,NA,NA,NA,,,NA,NA,NA,,,,,,,,,,NA,NA,,NA,7D,NA,NA,NA,88.5,AO,24.19,N
8A,AACACCATCGAC,TATGGTAATTGTGTGCCAGCMGCCGCGGTAA,ATTAGAWACCCBDGTAGTCCGGCTGACTGACT,4,E4,8,A,1.6,65,N,N,NA,NA,NA,A.N,C.gain_weight,C.gain_weight_no_abx,NA,NA,,,no_abx_A,no_abx,NA,A,,,,,A.Y,A,,,NA,NA,A,NA,8A,no_abx_A.N,NA,NA,82,N,25.39,OV
8B,TCTACATACATA,TATGGTAATTGTGTGCCAGCMGCCGCGGTAA,ATTAGAWACCCBDGTAGTCCGGCTGACTGACT,4,F4,8,B,1.6,66.8,N,N,NA,NA,NA,B.N,NA,NA,NA,C.gain_weight,,C.gain_weight_yes_abx,yes_abx_B,yes_abx,NA,B,,,,,B.Y,B,,,NA,NA,,NA,8B,yes_abx_B.N,yes_abx_B_c,yes_abx_B.N_c,86,N,26.09,OV
8C,TGGCGCACGGAC,TATGGTAATTGTGTGCCAGCMGCCGCGGTAA,ATTAGAWACCCBDGTAGTCCGGCTGACTGACT,4,G4,8,C,1.6,72,Y,NA,NA,NA,NA,C.Y,NA,NA,NA,NA,,,NA,NA,NA,C,,,,,C.Y,C,,,NA,NA,,NA,8C,NA,NA,NA,90,AO,28.12,OV
9A,ACTGCCCGATAC,TATGGTAATTGTGTGCCAGCMGCCGCGGTAA,ATTAGAWACCCBDGTAGTCCGGCTGACTGACT,4,H4,9,A,1.65,70,N,N,NA,NA,NA,A.N,C.gain_weight,C.gain_weight_no_abx,NA,NA,,,no_abx_A,no_abx,NA,A,,,,,A.Y,A,,,NA,NA,A,NA,9A,no_abx_A.N,NA,NA,86,N,25.71,OV
9B,TCTGGCTACGAC,TATGGTAATTGTGTGCCAGCMGCCGCGGTAA,ATTAGAWACCCBDGTAGTCCGGCTGACTGACT,4,A5,9,B,1.65,71.5,N,N,NA,NA,NA,B.N,NA,NA,NA,C.gain_weight,,C.gain_weight_yes_abx,yes_abx_B,yes_abx,NA,B,,,,,B.Y,B,,,NA,NA,,NA,9B,yes_abx_B.N,yes_abx_B_c,yes_abx_B.N_c,85,N,26.26,OV
9C,ATAGTTAGGGCT,TATGGTAATTGTGTGCCAGCMGCCGCGGTAA,ATTAGAWACCCBDGTAGTCCGGCTGACTGACT,4,B5,9,C,1.65,77,Y,NA,NA,NA,NA,C.Y,NA,NA,NA,NA,,,NA,NA,NA,C,,,,,C.Y,C,,,NA,NA,,NA,9C,NA,NA,NA,90.5,AO,33.24,OB1
10A,GAATCTGACAAC,TATGGTAATTGTGTGCCAGCMGCCGCGGTAA,ATTAGAWACCCBDGTAGTCCGGCTGACTGACT,4,C5,10,A,1.51,80.6,N,NA,NA,NA,NA,A.N,C.didnt_gain_weight,NA,C.didnt_gain_weight_yes_abx,NA,,,yes_abx_A,NA,NA,,,,,,,,,,NA,NA,,NA,10A,yes_abx_A.N,yes_abx_A_c,yes_abx_A.N_c,110,AO,35.34,OB2
10D,TTATCCAGTCCT,TATGGTAATTGTGTGCCAGCMGCCGCGGTAA,ATTAGAWACCCBDGTAGTCCGGCTGACTGACT,4,E5,10,D,1.51,77.6,N,NA,NA,NA,NA,D.N,NA,NA,NA,NA,,,NA,NA,NA,,,,,,,,,,NA,NA,,NA,10D,NA,NA,NA,98,AO,34.03,OB2
11C,GAGTCTTGGTAA,TATGGTAATTGTGTGCCAGCMGCCGCGGTAA,ATTAGAWACCCBDGTAGTCCGGCTGACTGACT,4,F5,11,C,1.51,63.1,N,NA,NA,NA,NA,C.N,NA,NA,NA,NA,,,NA,NA,NA,,C,,,C.N,,,C.N,,C_N,NA,,NA,11C,NA,NA,NA,90,AO,27.67,OV
12A,CATTTACATCAC,TATGGTAATTGTGTGCCAGCMGCCGCGGTAA,ATTAGAWACCCBDGTAGTCCGGCTGACTGACT,4,G5,12,A,1.65,79,N,N,NA,yes_abx_N,yes_abx_N,A.N,C.didnt_gain_weight,NA,C.didnt_gain_weight_yes_abx,NA,,,yes_abx_A,yes_abx,NA,,A,A.N,,,,A,,,NA,NA,,A,12A,yes_abx_A.N,yes_abx_A_c,yes_abx_A.N_c,109,AO,29.01,OV
12B,TTCTTAACGCCT,TATGGTAATTGTGTGCCAGCMGCCGCGGTAA,ATTAGAWACCCBDGTAGTCCGGCTGACTGACT,4,H5,12,B,1.65,73.7,N,N,NA,yes_abx_N,yes_abx_N,B.N,NA,NA,NA,C.didnt_gain_weight,,C.didnt_gain_weight_yes_abx,yes_abx_B,yes_abx,NA,,B,B.N,,,,B,,,NA,NA,,B,12B,yes_abx_B.N,yes_abx_B_c,yes_abx_B.N_c,103,AO,27.07,OV
12C,AGTAGTTTCCTT,TATGGTAATTGTGTGCCAGCMGCCGCGGTAA,ATTAGAWACCCBDGTAGTCCGGCTGACTGACT,4,A6,12,C,1.65,71.9,N,NA,NA,NA,NA,C.N,NA,NA,NA,NA,,,NA,NA,NA,,C,C.N,,,,C,,,NA,NA,,C,12C,NA,NA,NA,102,AO,26.4,OV
13A,GACCCGTTTCGC,TATGGTAATTGTGTGCCAGCMGCCGCGGTAA,ATTAGAWACCCBDGTAGTCCGGCTGACTGACT,4,B6,13,A,1.6,57,N,N,NA,yes_abx_N,yes_abx_N,A.N,C.didnt_gain_weight,NA,C.didnt_gain_weight_yes_abx,NA,,,yes_abx_A,yes_abx,NA,,A,A.N,,,,A,,,NA,NA,,A,13A,yes_abx_A.N,yes_abx_A_c,yes_abx_A.N_c,80,N,22.26,N
13B,ATTGCCTTGATT,TATGGTAATTGTGTGCCAGCMGCCGCGGTAA,ATTAGAWACCCBDGTAGTCCGGCTGACTGACT,4,C6,13,B,1.6,57,N,N,NA,yes_abx_N,yes_abx_N,B.N,NA,NA,NA,C.didnt_gain_weight,,C.didnt_gain_weight_yes_abx,yes_abx_B,yes_abx,NA,,B,B.N,,,,B,,,NA,NA,,B,13B,yes_abx_B.N,yes_abx_B_c,yes_abx_B.N_c,77,N,22.26,N
13C,TTAGGATTCTAT,TATGGTAATTGTGTGCCAGCMGCCGCGGTAA,ATTAGAWACCCBDGTAGTCCGGCTGACTGACT,4,D6,13,C,1.6,55.8,N,NA,NA,NA,NA,C.N,NA,NA,NA,NA,,,NA,NA,NA,,C,C.N,,,,C,,,NA,NA,,C,13C,NA,NA,NA,82,N,21.79,N
14A,GTTTATCTTAAG,TATGGTAATTGTGTGCCAGCMGCCGCGGTAA,ATTAGAWACCCBDGTAGTCCGGCTGACTGACT,4,E6,14,A,1.61,90.8,N,N,NA,NA,NA,A.N,C.didnt_gain_weight,C.didnt_gain_weight_no_abx,NA,NA,,,no_abx_A,no_abx,NA,,A,,,A.N,,A,,,NA,NA,A,NA,14A,no_abx_A.N,NA,NA,106,AO,35.02,OB2
14B,CAGTCTAGTACG,TATGGTAATTGTGTGCCAGCMGCCGCGGTAA,ATTAGAWACCCBDGTAGTCCGGCTGACTGACT,4,F6,14,B,1.61,91.5,N,N,NA,NA,NA,B.N,NA,NA,NA,C.didnt_gain_weight,,C.didnt_gain_weight_yes_abx,yes_abx_B,yes_abx,NA,,B,,,B.N,,B,,,NA,NA,,NA,14B,yes_abx_B.N,yes_abx_B_c,yes_abx_B.N_c,108,AO,35.29,OB3
14C,GTGGGACTGCGC,TATGGTAATTGTGTGCCAGCMGCCGCGGTAA,ATTAGAWACCCBDGTAGTCCGGCTGACTGACT,4,G6,14,C,1.61,90,N,NA,NA,NA,NA,C.N,NA,NA,NA,NA,,,NA,NA,NA,,C,,,C.N,,C,,,NA,NA,,NA,14C,NA,NA,NA,107,AO,34.72,OB1
14D,CTCCCGAGCTCC,TATGGTAATTGTGTGCCAGCMGCCGCGGTAA,ATTAGAWACCCBDGTAGTCCGGCTGACTGACT,4,H6,14,D,1.61,86,N,NA,NA,NA,NA,D.N,NA,NA,NA,NA,,,NA,NA,NA,,,,,,,,,,NA,NA,,NA,14D,NA,NA,NA,105,AO,33.17,OB1
15A,CAGATCCCAACC,TATGGTAATTGTGTGCCAGCMGCCGCGGTAA,ATTAGAWACCCBDGTAGTCCGGCTGACTGACT,4,A7,15,A,1.5,83,N,N,NA,NA,NA,A.N,C.didnt_gain_weight,NA,C.didnt_gain_weight_yes_abx,NA,,,yes_abx_A,yes_abx,A,,A,A.N,,,,,A.N,,NA,NA,,NA,15A,yes_abx_A.N,yes_abx_A_c,yes_abx_A.N_c,117,AO,36.8,OB2
15B,TGACTGCGTTAG,TATGGTAATTGTGTGCCAGCMGCCGCGGTAA,ATTAGAWACCCBDGTAGTCCGGCTGACTGACT,4,B7,15,B,1.5,81.1,N,N,NA,NA,NA,B.N,NA,NA,NA,C.didnt_gain_weight,C.didnt_gain_weight_no_abx,,no_abx_B,no_abx,B,,B,B.N,,,,,B.N,,NA,NA,B,NA,15B,no_abx_B.N,NA,NA,116,AO,36.04,OB2
15C,GAGCCCAAAGAG,TATGGTAATTGTGTGCCAGCMGCCGCGGTAA,ATTAGAWACCCBDGTAGTCCGGCTGACTGACT,4,C7,15,C,1.5,84,N,NA,NA,NA,NA,C.N,NA,NA,NA,NA,,,NA,NA,NA,,C,C.N,,,,,C.N,,NA,NA,,NA,15C,NA,NA,NA,108,AO,37.33,OB2
15D,CAACGAACCATC,TATGGTAATTGTGTGCCAGCMGCCGCGGTAA,ATTAGAWACCCBDGTAGTCCGGCTGACTGACT,4,D7,15,D,1.5,87,Y,NA,NA,NA,NA,D.Y,NA,NA,NA,NA,,,NA,NA,NA,,,,,,,,,,NA,NA,,NA,15D,NA,NA,NA,NA,AO,38.67,OB2
16A,GTTCGCCGCATC,TATGGTAATTGTGTGCCAGCMGCCGCGGTAA,ATTAGAWACCCBDGTAGTCCGGCTGACTGACT,4,E7,16,A,1.66,91.7,N,N,no_abx_N,no_abx_N,NA,A.N,C.didnt_gain_weight,C.didnt_gain_weight_no_abx,NA,NA,,,no_abx_A,no_abx,A,,A,,,A.N,,,A.N,,A_N,NA,A,NA,16A,no_abx_A.N,NA,NA,103,AO,33.27,OB1
16B,GTTCGAGTGAAT,TATGGTAATTGTGTGCCAGCMGCCGCGGTAA,ATTAGAWACCCBDGTAGTCCGGCTGACTGACT,4,F7,16,B,1.66,88,N,N,no_abx_N,no_abx_N,NA,B.N,NA,NA,NA,C.didnt_gain_weight,C.didnt_gain_weight_no_abx,,no_abx_B,no_abx,B,,B,,,B.N,,,B.N,,B_N,NA,B,NA,16B,no_abx_B.N,NA,NA,103,AO,31.93,OB1
16C,CGGCCTAAGTTC,TATGGTAATTGTGTGCCAGCMGCCGCGGTAA,ATTAGAWACCCBDGTAGTCCGGCTGACTGACT,4,G7,16,C,1.66,87.2,N,NA,NA,NA,NA,C.N,NA,NA,NA,NA,,,NA,NA,NA,,C,,,C.N,,,C.N,,C_N,NA,,NA,16C,NA,NA,NA,103.5,AO,31.57,OB1
17A,TAGACTTCAGAG,TATGGTAATTGTGTGCCAGCMGCCGCGGTAA,ATTAGAWACCCBDGTAGTCCGGCTGACTGACT,4,H7,17,A,1.52,54.3,N,N,NA,NA,NA,A.N,C.didnt_gain_weight,C.didnt_gain_weight_no_abx,NA,NA,,,no_abx_A,no_abx,NA,,A,,,A.N,,A,,,NA,NA,A,NA,17A,no_abx_A.N,NA,NA,84,N,23.5,N
17B,GATAGCACTCGT,TATGGTAATTGTGTGCCAGCMGCCGCGGTAA,ATTAGAWACCCBDGTAGTCCGGCTGACTGACT,4,A8,17,B,1.52,51.5,N,N,NA,NA,NA,B.N,NA,NA,NA,C.didnt_gain_weight,,C.didnt_gain_weight_yes_abx,yes_abx_B,yes_abx,NA,,B,,,B.N,,B,,,NA,NA,,NA,17B,yes_abx_B.N,yes_abx_B_c,yes_abx_B.N_c,81,N,22.29,N
17C,ACGTTAATATTC,TATGGTAATTGTGTGCCAGCMGCCGCGGTAA,ATTAGAWACCCBDGTAGTCCGGCTGACTGACT,4,B8,17,C,1.52,52.7,N,NA,NA,NA,NA,C.N,NA,NA,NA,NA,,,NA,NA,NA,,C,,,C.N,,C,,,NA,NA,,NA,17C,NA,NA,NA,83,N,22.51,N
17D,CCATGTGGCTCC,TATGGTAATTGTGTGCCAGCMGCCGCGGTAA,ATTAGAWACCCBDGTAGTCCGGCTGACTGACT,4,C8,17,D,1.52,52.7,N,NA,NA,NA,NA,D.N,NA,NA,NA,NA,,,NA,NA,NA,,,,,,,,,,NA,NA,,NA,17D,NA,NA,NA,83.5,N,22.51,N
18A,ACACGTTTGGGT,TATGGTAATTGTGTGCCAGCMGCCGCGGTAA,ATTAGAWACCCBDGTAGTCCGGCTGACTGACT,4,D8,18,A,1.64,60.9,N,N,no_abx_N,no_abx_N,NA,A.N,C.didnt_gain_weight,C.didnt_gain_weight_no_abx,NA,NA,,,no_abx_A,no_abx,A,,A,,,A.N,,,A.N,,A_N,NA,A,NA,18A,no_abx_A.N,NA,NA,88,N,22.64,N
18B,AGACTATTTCAT,TATGGTAATTGTGTGCCAGCMGCCGCGGTAA,ATTAGAWACCCBDGTAGTCCGGCTGACTGACT,4,E8,18,B,1.64,59.7,N,N,no_abx_N,no_abx_N,NA,B.N,NA,NA,NA,C.didnt_gain_weight,C.didnt_gain_weight_no_abx,,no_abx_B,no_abx,B,,B,,,B.N,,,B.N,,B_N,NA,B,NA,18B,no_abx_B.N,NA,NA,86,N,22.19,N
18C,AGTCCGAGTTGT,TATGGTAATTGTGTGCCAGCMGCCGCGGTAA,ATTAGAWACCCBDGTAGTCCGGCTGACTGACT,4,F8,18,C,1.64,59.7,N,NA,NA,NA,NA,C.N,NA,NA,NA,NA,,,NA,NA,NA,,C,,,C.N,,,C.N,,C_N,NA,,NA,18C,NA,NA,NA,82,N,21.94,N
19A,GCTGAGCCTTTG,TATGGTAATTGTGTGCCAGCMGCCGCGGTAA,ATTAGAWACCCBDGTAGTCCGGCTGACTGACT,4,G8,19,A,1.63,73,N,N,no_abx_N,no_abx_N,NA,A.N,C.didnt_gain_weight,C.didnt_gain_weight_no_abx,NA,NA,,,no_abx_A,no_abx,A,,A,,,A.N,,,A.N,,A_N,NA,A,NA,19A,no_abx_A.N,NA,NA,95,AO,27.47,OV
19B,ACTTAGACTCTT,TATGGTAATTGTGTGCCAGCMGCCGCGGTAA,ATTAGAWACCCBDGTAGTCCGGCTGACTGACT,4,H8,19,B,1.63,73.1,N,N,no_abx_N,no_abx_N,NA,B.N,NA,NA,NA,C.didnt_gain_weight,C.didnt_gain_weight_no_abx,,no_abx_B,no_abx,B,,B,,,B.N,,,B.N,,B_N,NA,B,NA,19B,no_abx_B.N,NA,NA,95,AO,27.48,OV
19C,GTAATTGTAATT,TATGGTAATTGTGTGCCAGCMGCCGCGGTAA,ATTAGAWACCCBDGTAGTCCGGCTGACTGACT,4,A9,19,C,1.63,73.1,N,NA,NA,NA,NA,C.N,NA,NA,NA,NA,,,NA,NA,NA,,C,,,C.N,,,C.N,,C_N,NA,,NA,19C,NA,NA,NA,99.3,AO,27.48,OV
19D,TCTAACGAGTGC,TATGGTAATTGTGTGCCAGCMGCCGCGGTAA,ATTAGAWACCCBDGTAGTCCGGCTGACTGACT,4,B9,19,D,1.63,75.9,N,NA,NA,NA,NA,D.N,NA,NA,NA,NA,,,NA,NA,NA,,,,,,,,,,NA,NA,,NA,19D,NA,NA,NA,103,AO,28.6,OV
20B,CGTCGCAGCCTT,TATGGTAATTGTGTGCCAGCMGCCGCGGTAA,ATTAGAWACCCBDGTAGTCCGGCTGACTGACT,4,D9,20,B,1.67,75.9,Y,NA,NA,NA,NA,B.Y,NA,NA,NA,C.gain_weight,C.gain_weight_no_abx,,no_abx_B,NA,NA,,,,,,,,,,NA,NA,B,NA,20B,no_abx_B.Y,NA,NA,101.2,AO,27.25,OV
20C,AGCGATTCCTCG,TATGGTAATTGTGTGCCAGCMGCCGCGGTAA,ATTAGAWACCCBDGTAGTCCGGCTGACTGACT,4,E9,20,C,1.67,76.3,Y,NA,NA,NA,NA,C.Y,NA,NA,NA,NA,,,NA,NA,NA,,,,,,,,,,NA,NA,,NA,20C,NA,NA,NA,102,AO,27.25,OV
20D,CGTGAGGACCAG,TATGGTAATTGTGTGCCAGCMGCCGCGGTAA,ATTAGAWACCCBDGTAGTCCGGCTGACTGACT,4,F9,20,D,1.67,73.7,N,NA,NA,NA,NA,D.N,NA,NA,NA,NA,,,NA,NA,NA,,,,,,,,,,NA,NA,,NA,20D,NA,NA,NA,101,AO,26.18,OV
21A,AGAGACGCGTAG,TATGGTAATTGTGTGCCAGCMGCCGCGGTAA,ATTAGAWACCCBDGTAGTCCGGCTGACTGACT,4,G9,21,A,1.6,89.4,Y,Y,no_abx_Y,NA,no_abx_Y,A.Y,C.gain_weight,C.gain_weight_no_abx,NA,NA,,,no_abx_A,no_abx,A,A,,,,,A.Y,,,A.Y,NA,A.Y, A,NA,21A,no_abx_A.Y,NA,NA,103,AO,34.77,OB1
21B,GGACCTGGATGG,TATGGTAATTGTGTGCCAGCMGCCGCGGTAA,ATTAGAWACCCBDGTAGTCCGGCTGACTGACT,4,H9,21,B,1.6,94.5,Y,Y,no_abx_Y,NA,no_abx_Y,B.Y,NA,NA,NA,C.gain_weight,C.gain_weight_no_abx,,no_abx_B,no_abx,B,B,,,,,B.Y,,,B.Y,NA,B.Y, B,NA,21B,no_abx_B.Y,NA,NA,109.3,AO,36.72,OB2
21C,TGCTACAGACGT,TATGGTAATTGTGTGCCAGCMGCCGCGGTAA,ATTAGAWACCCBDGTAGTCCGGCTGACTGACT,4,A10,21,C,1.6,99.7,Y,NA,NA,NA,NA,C.Y,NA,NA,NA,NA,,,NA,NA,NA,C,,,,,C.Y,,,C.Y,NA,C.Y,,NA,21C,NA,NA,NA,112,AO,38.67,OB2
22A,GATCCCACGTAC,TATGGTAATTGTGTGCCAGCMGCCGCGGTAA,ATTAGAWACCCBDGTAGTCCGGCTGACTGACT,4,B10,22,A,1.65,60.1,N,N,no_abx_N,no_abx_N,NA,A.N,C.gain_weight,C.gain_weight_no_abx,NA,NA,,,no_abx_A,no_abx,A,A,,,,,A.Y,,,A.Y,A_N,A.Y,A,NA,22A,no_abx_A.N,NA,NA,81.5,N,22.04,N
22B,CGCTAGGATGTT,TATGGTAATTGTGTGCCAGCMGCCGCGGTAA,ATTAGAWACCCBDGTAGTCCGGCTGACTGACT,4,C10,22,B,1.65,61.7,N,N,no_abx_N,no_abx_N,NA,B.N,NA,NA,NA,C.gain_weight,C.gain_weight_no_abx,,no_abx_B,no_abx,B,B,,,,,B.Y,,,B.Y,B_N,B.Y,B,NA,22B,no_abx_B.N,NA,NA,87.5,N,22.41,N
22C,CTACTTACATCC,TATGGTAATTGTGTGCCAGCMGCCGCGGTAA,ATTAGAWACCCBDGTAGTCCGGCTGACTGACT,4,D10,22,C,1.65,64.4,Y,NA,NA,NA,NA,C.Y,NA,NA,NA,NA,,,NA,NA,NA,C,,,,,C.Y,,,C.Y,C_N,C.Y,,NA,22C,NA,NA,NA,89.5,AO,23.51,N
24A,ACCACCGTAACC,TATGGTAATTGTGTGCCAGCMGCCGCGGTAA,ATTAGAWACCCBDGTAGTCCGGCTGACTGACT,4,E10,24,A,1.58,78.4,Y,Y,NA,NA,NA,A.Y,C.gain_weight,NA,C.gain_weight_yes_abx,NA,,,yes_abx_A,yes_abx,A,A,,,A.Y,,,,,A.Y,NA,NA,,NA,24A,yes_abx_A.Y,yes_abx_A_c,yes_abx_A.Y_c,100,AO,31.24,OB1
24B,CGGTTGGCGGGT,TATGGTAATTGTGTGCCAGCMGCCGCGGTAA,ATTAGAWACCCBDGTAGTCCGGCTGACTGACT,4,F10,24,B,1.58,83,Y,Y,NA,NA,NA,B.Y,NA,NA,NA,C.gain_weight,C.gain_weight_no_abx,,no_abx_B,no_abx,B,B,,,B.Y,,,,,B.Y,NA,NA,B,NA,24B,no_abx_B.Y,NA,NA,96,AO,33.25,OB1
11A,AGGTGAGTTCTA,TATGGTAATTGTGTGCCAGCMGCCGCGGTAA,ATTAGAWACCCBDGTAGTCCGGCTGACTGACT,4,A11,11,A,1.51,62.1,N,N,no_abx_N,no_abx_N,NA,A.N,C.didnt_gain_weight,C.didnt_gain_weight_no_abx,NA,NA,,,no_abx_A,no_abx,A,,A,,,A.N,,,A.N,,A_N,NA,A,NA,11A,no_abx_A.N,NA,NA,90,AO,27.23,OV
11B,CCGCCAGCTTTG,TATGGTAATTGTGTGCCAGCMGCCGCGGTAA,ATTAGAWACCCBDGTAGTCCGGCTGACTGACT,4,B11,11,B,1.51,61.9,N,N,no_abx_N,no_abx_N,NA,B.N,NA,NA,NA,C.didnt_gain_weight,C.didnt_gain_weight_no_abx,,no_abx_B,no_abx,B,,B,,,B.N,,,B.N,,B_N,NA,B,NA,11B,no_abx_B.N,NA,NA,93,AO,27.14,OV
18D,AACGATCATAGA,TATGGTAATTGTGTGCCAGCMGCCGCGGTAA,ATTAGAWACCCBDGTAGTCCGGCTGACTGACT,4,A12,18,D,1.64,61.8,N,NA,NA,NA,NA,D.N,NA,NA,NA,NA,,,NA,NA,NA,,,,,,,,,,NA,NA,,NA,18D,NA,NA,NA,85,N,23,N
24C,TCATCTTGATTG,TATGGTAATTGTGTGCCAGCMGCCGCGGTAA,ATTAGAWACCCBDGTAGTCCGGCTGACTGACT,4,B12,24,C,1.58,86.8,Y,NA,NA,NA,NA,C.Y,NA,NA,NA,NA,,,NA,NA,NA,C,,,C.Y,,,,,C.Y,NA,NA,,NA,24C,NA,NA,NA,105,AO,34.85,OB1
25A,GTCAGTATGGCT,TATGGTAATTGTGTGCCAGCMGCCGCGGTAA,ATTAGAWACCCBDGTAGTCCGGCTGACTGACT,4,C12,25,A,1.57,80.6,N,NA,NA,NA,NA,A.N,C.didnt_gain_weight,NA,C.didnt_gain_weight_yes_abx,NA,,,yes_abx_A,NA,NA,,,,,,,,,,NA,NA,,NA,25A,yes_abx_A.N,yes_abx_A_s,yes_abx_A.N_s,99,AO,32.46,OB1
26A,GTCCTCGCGACT,TATGGTAATTGTGTGCCAGCMGCCGCGGTAA,ATTAGAWACCCBDGTAGTCCGGCTGACTGACT,4,D12,26,A,1.72,68.8,N,N,NA,NA,NA,A.N,C.didnt_gain_weight,C.didnt_gain_weight_no_abx,NA,NA,,,no_abx_A,no_abx,A,,A,,,A.N,,,A.N,,A_N,NA,A,NA,26A,no_abx_A.N,NA,NA,80,N,22.99,N
26B,CGTTCGCTAGCC,TATGGTAATTGTGTGCCAGCMGCCGCGGTAA,ATTAGAWACCCBDGTAGTCCGGCTGACTGACT,4,E12,26,B,1.72,69.6,N,N,NA,NA,NA,B.N,B.N,NA,B.N,C.didnt_gain_weight,C.didnt_gain_weight_no_abx,,no_abx_B,no_abx,B,,B,,,B.N,,,B.N,,B_N,NA,B,NA,26B,no_abx_B.N,NA,NA,80.2,N,23.32,N
27A,TGCCTGCTCGAC,TATGGTAATTGTGTGCCAGCMGCCGCGGTAA,ATTAGAWACCCBDGTAGTCCGGCTGACTGACT,4,F12,27,A,1.57,68.5,N,NA,NA,NA,NA,A.N,C.didnt_gain_weight,NA,C.didnt_gain_weight_yes_abx,NA,,,yes_abx_A,NA,NA,,A,A.N,,,,A,,,NA,NA,,A,27A,yes_abx_A.N,yes_abx_A_c,yes_abx_A.N_c,86.5,N,27.59,OV
28A,TCTTACCCATAA,TATGGTAATTGTGTGCCAGCMGCCGCGGTAA,ATTAGAWACCCBDGTAGTCCGGCTGACTGACT,4,G12,28,A,1.59,77,N,NA,NA,NA,NA,A.N,C.didnt_gain_weight,C.didnt_gain_weight_no_abx,NA,NA,,,no_abx_A,NA,NA,,A,,,A.N,,A,,,NA,NA,A,NA,28A,no_abx_A.N,NA,NA,101.5,AO,30.46,OB1
25B,GTAATTGTAATT,TATGGTAATTGTGTGCCAGCMGCCGCGGTAA,ATTAGAWACCCBDGTAGTCCGGCTGACTGACT,4,A9,25,B,,,N,,,,,B.N,NA,NA,NA,NA,,,no_abx_B,,,,,,,,,,,,NA,NA,B,,25B,,,,,,,
26C,TCTAACGAGTGC,TATGGTAATTGTGTGCCAGCMGCCGCGGTAA,ATTAGAWACCCBDGTAGTCCGGCTGACTGACT,4,B9,26,C,,,N,,,,,C.N,NA,NA,NA,NA,,,NA,,,,C,,,C.N,,,C.N,,C_N,NA,,,26C,,,,,,,
26D,CGTTCCTTGTTA,TATGGTAATTGTGTGCCAGCMGCCGCGGTAA,ATTAGAWACCCBDGTAGTCCGGCTGACTGACT,4,C9,26,D,,,,,,,,D.N,NA,NA,NA,NA,,,NA,,,,,,,,,,,,NA,NA,,,26D,,,,,,,
27B,CGTCGCAGCCTT,TATGGTAATTGTGTGCCAGCMGCCGCGGTAA,ATTAGAWACCCBDGTAGTCCGGCTGACTGACT,4,D9,27,B,,,N,,,,,B.N,NA,NA,NA,C.didnt_gain_weight,,C.didnt_gain_weight_yes_abx,yes_abx_B,,,,B,B.N,,,,B,,,NA,NA,,B,27B,,,,,,,
27C,AGCGATTCCTCG,TATGGTAATTGTGTGCCAGCMGCCGCGGTAA,ATTAGAWACCCBDGTAGTCCGGCTGACTGACT,4,E9,27,C,,,N,,,,,C.N,NA,NA,NA,NA,,,NA,,,,C,C.N,,,,C,,,NA,NA,,C,27C,,,,,,,
28B,CGTGAGGACCAG,TATGGTAATTGTGTGCCAGCMGCCGCGGTAA,ATTAGAWACCCBDGTAGTCCGGCTGACTGACT,4,F9,28,B,,,N,,,,,B.N,NA,NA,NA,C.didnt_gain_weight,,C.didnt_gain_weight_yes_abx,yes_abx_B,,,,B,,,B.N,,B,,,NA,NA,,,28B,,,,,,,
29A,GGACCTGGATGG,TATGGTAATTGTGTGCCAGCMGCCGCGGTAA,ATTAGAWACCCBDGTAGTCCGGCTGACTGACT,4,H9,29,A,,,N,,,,,A.N,C.didnt_gain_weight,C.didnt_gain_weight_no_abx,NA,NA,,,no_abx_A,,,,,,,,,,,,NA,NA,A,,29A,,,,,,,
29B,TGCTACAGACGT,TATGGTAATTGTGTGCCAGCMGCCGCGGTAA,ATTAGAWACCCBDGTAGTCCGGCTGACTGACT,4,A10,29,B,,,N,,,,,B.N,NA,NA,NA,C.didnt_gain_weight,C.didnt_gain_weight_no_abx,,no_abx_B,,,,,,,,,,,,NA,NA,B,,29B,,,,,,,
30A,GATCCCACGTAC,TATGGTAATTGTGTGCCAGCMGCCGCGGTAA,ATTAGAWACCCBDGTAGTCCGGCTGACTGACT,4,B10,30,A,,,N,,,,,A.N,C.didnt_gain_weight,C.didnt_gain_weight_no_abx,NA,NA,,,no_abx_A,,,,,,,,,,,,NA,NA,A,,30A,,,,,,,
32B,CCACCGGGCCGA,TATGGTAATTGTGTGCCAGCMGCCGCGGTAA,ATTAGAWACCCBDGTAGTCCGGCTGACTGACT,4,G10,32,B,,,,,,,,B.Y,NA,NA,NA,C.didnt_gain_weight,C.didnt_gain_weight_no_abx,,no_abx_B,,,,,,,,,,,,NA,NA,B,,32B,,,,,,,
33A,TATGTGCCGGCT,TATGGTAATTGTGTGCCAGCMGCCGCGGTAA,ATTAGAWACCCBDGTAGTCCGGCTGACTGACT,4,H10,33,A,,,,,,,,NA,NA,NA,NA,NA,,,no_abx_A,,,,,,,,,,,,NA,NA,A,,33A,,,,,,,
28C,AGGTGAGTTCTA,TATGGTAATTGTGTGCCAGCMGCCGCGGTAA,ATTAGAWACCCBDGTAGTCCGGCTGACTGACT,4,A11,28,C,,,N,,,,,C.N,NA,NA,NA,NA,,,NA,,,,C,,,C.N,,C,,,NA,NA,,,28C,,,,,,,
30B,CCGCCAGCTTTG,TATGGTAATTGTGTGCCAGCMGCCGCGGTAA,ATTAGAWACCCBDGTAGTCCGGCTGACTGACT,4,B11,30,B,,,N,,,,,B.N,NA,NA,NA,C.didnt_gain_weight,C.didnt_gain_weight_no_abx,,no_abx_B,,,,,,,,,,,,NA,NA,B,,30B,,,,,,,
31A,AGCGGTAGCGGT,TATGGTAATTGTGTGCCAGCMGCCGCGGTAA,ATTAGAWACCCBDGTAGTCCGGCTGACTGACT,4,C11,31,A,,,Y,,,,,A.Y,C.gain_weight,NA,C.gain_weight_yes_abx,NA,,,yes_abx_A,,,,,,,,,,,,NA,NA,,,31A,,,,,,,
31B,CGCACGTACCTC,TATGGTAATTGTGTGCCAGCMGCCGCGGTAA,ATTAGAWACCCBDGTAGTCCGGCTGACTGACT,4,D11,31,B,,,Y,,,,,B.Y,NA,NA,NA,C.gain_weight,C.gain_weight_no_abx,,no_abx_B,,,,,,,,,,,,NA,NA,B,,31B,,,,,,,
32A,AGGAAGTAACTT,TATGGTAATTGTGTGCCAGCMGCCGCGGTAA,ATTAGAWACCCBDGTAGTCCGGCTGACTGACT,4,E11,32,A,,,,,,,,A.N,C.didnt_gain_weight,NA,C.didnt_gain_weight_yes_abx,NA,,,yes_abx_A,,,,,,,,,,,,NA,NA,,,32A,,,,,,,
