,MODEL BACTERIA,SIGNIFICANT BACTERIA,ALGORITHM,BETA MEAN,BETA STD,BETA
0,k__Bacteria;NA,k__Bacteria;NA,ard regression,-0.004531049339420203,0.05103229808199195,-0.18261162086351812
1,k__Bacteria;NA,k__Bacteria;NA;NA,ard regression,-0.004531049339420203,0.05103229808199195,-0.18261162086350483
2,k__Bacteria;NA,k__Bacteria;NA;NA;NA,ard regression,-0.004531049339420203,0.05103229808199195,-0.18261162086347163
3,k__Bacteria;NA,k__Bacteria;NA;NA;NA;NA,ard regression,-0.004531049339420203,0.05103229808199195,-0.1826116208632326
4,k__Bacteria;NA,k__Bacteria;p__Firmicutes;c__Bacilli;o__Lactobacillales;f__Enterococcaceae,ard regression,-0.004531049339420203,0.05103229808199195,0.16365438347619357
5,k__Bacteria;NA;NA,k__Bacteria;NA,ard regression,-0.006294621396328694,0.03769638303395089,-0.15066704639963494
6,k__Bacteria;NA;NA,k__Bacteria;NA;NA,ard regression,-0.006294621396328694,0.03769638303395089,-0.15066704639952
7,k__Bacteria;NA;NA,k__Bacteria;NA;NA;NA,ard regression,-0.006294621396328694,0.03769638303395089,-0.15066704639955422
8,k__Bacteria;NA;NA,k__Bacteria;NA;NA;NA;NA,ard regression,-0.006294621396328694,0.03769638303395089,-0.15066704639949813
9,k__Bacteria;NA;NA,k__Bacteria;p__Firmicutes;c__Clostridia;o__Clostridiales;f__Clostridiaceae,ard regression,-0.006294621396328694,0.03769638303395089,-0.08719678788819933
10,k__Bacteria;NA;NA;NA,k__Bacteria;p__Verrucomicrobia,ard regression,-0.007451633280177039,0.12614912341285098,0.30104258179032617
11,k__Bacteria;NA;NA;NA,k__Bacteria;p__Verrucomicrobia;c__Verrucomicrobiae,ard regression,-0.007451633280177039,0.12614912341285098,0.30104258179059773
12,k__Bacteria;NA;NA;NA,k__Bacteria;p__Verrucomicrobia;c__Verrucomicrobiae;o__Verrucomicrobiales,ard regression,-0.007451633280177039,0.12614912341285098,0.3010425817912231
13,k__Bacteria;NA;NA;NA,k__Bacteria;p__Verrucomicrobia;c__Verrucomicrobiae;o__Verrucomicrobiales;f__Akkermansiaceae,ard regression,-0.007451633280177039,0.12614912341285098,-0.9146564668340368
14,k__Bacteria;NA;NA;NA;NA,k__Bacteria;p__Verrucomicrobia,ard regression,-0.0073243065096970945,0.1425377562936834,0.3406257738625697
15,k__Bacteria;NA;NA;NA;NA,k__Bacteria;p__Verrucomicrobia;c__Verrucomicrobiae,ard regression,-0.0073243065096970945,0.1425377562936834,0.34062577386214765
16,k__Bacteria;NA;NA;NA;NA,k__Bacteria;p__Verrucomicrobia;c__Verrucomicrobiae;o__Verrucomicrobiales,ard regression,-0.0073243065096970945,0.1425377562936834,0.3406257738620733
17,k__Bacteria;NA;NA;NA;NA,k__Bacteria;p__Verrucomicrobia;c__Verrucomicrobiae;o__Verrucomicrobiales;f__Akkermansiaceae,ard regression,-0.0073243065096970945,0.1425377562936834,-1.0428084612334356
18,k__Bacteria;p__Actinobacteria,k__Bacteria;p__Actinobacteria,ard regression,0.0013972774802026927,0.06701621835612487,-0.39356128557283226
19,k__Bacteria;p__Actinobacteria,k__Bacteria;p__Actinobacteria;c__Actinobacteria;o__Bifidobacteriales;f__Bifidobacteriaceae,ard regression,0.0013972774802026927,0.06701621835612487,0.16161180058739696
20,k__Bacteria;p__Actinobacteria,k__Bacteria;p__Bacteroidetes;c__Bacteroidia;o__Bacteroidales;NA,ard regression,0.0013972774802026927,0.06701621835612487,-0.2048094718176092
21,k__Bacteria;p__Actinobacteria,k__Bacteria;p__Firmicutes;c__Clostridia;o__Clostridiales;f__Clostridiaceae,ard regression,0.0013972774802026927,0.06701621835612487,0.18721558777789218
22,k__Bacteria;p__Actinobacteria;c__Actinobacteria;o__Bifidobacteriales,k__Bacteria;p__Actinobacteria;c__Actinobacteria;o__Bifidobacteriales,ard regression,-0.00420561749781168,0.358385158882336,-1.7455975260883194
23,k__Bacteria;p__Actinobacteria;c__Actinobacteria;o__Bifidobacteriales,k__Bacteria;p__Actinobacteria;c__Actinobacteria;o__Bifidobacteriales;f__Bifidobacteriaceae,ard regression,-0.00420561749781168,0.358385158882336,1.6440118750626147
24,k__Bacteria;p__Actinobacteria;c__Actinobacteria;o__Bifidobacteriales,k__Bacteria;p__Proteobacteria;c__Gammaproteobacteria;o__Enterobacterales,ard regression,-0.00420561749781168,0.358385158882336,1.3077842908489
25,k__Bacteria;p__Actinobacteria;c__Actinobacteria;o__Bifidobacteriales,k__Bacteria;p__Proteobacteria;c__Gammaproteobacteria;o__Enterobacterales;f__Enterobacteriaceae,ard regression,-0.00420561749781168,0.358385158882336,-1.3475130638714998
26,k__Bacteria;p__Actinobacteria;c__Actinobacteria;o__Bifidobacteriales;f__Bifidobacteriaceae,k__Bacteria;p__Actinobacteria;c__Actinobacteria;o__Bifidobacteriales,ard regression,0.0035810183279240382,0.3612369994530695,-1.9369076028238708
27,k__Bacteria;p__Actinobacteria;c__Actinobacteria;o__Bifidobacteriales;f__Bifidobacteriaceae,k__Bacteria;p__Actinobacteria;c__Actinobacteria;o__Bifidobacteriales;f__Bifidobacteriaceae,ard regression,0.0035810183279240382,0.3612369994530695,1.9479384299666425
28,k__Bacteria;p__Actinobacteria;c__Actinobacteria;o__Bifidobacteriales;f__Bifidobacteriaceae,k__Bacteria;p__Proteobacteria;c__Gammaproteobacteria;o__Enterobacterales,ard regression,0.0035810183279240382,0.3612369994530695,0.8931721133253661
29,k__Bacteria;p__Actinobacteria;c__Actinobacteria;o__Bifidobacteriales;f__Bifidobacteriaceae,k__Bacteria;p__Proteobacteria;c__Gammaproteobacteria;o__Enterobacterales;f__Enterobacteriaceae,ard regression,0.0035810183279240382,0.3612369994530695,-0.8986085444381691
30,k__Bacteria;p__Actinobacteria;c__Actinobacteria;o__Micrococcales,k__Bacteria;p__Actinobacteria;c__Actinobacteria;o__Micrococcales,ard regression,-0.006680444924268227,0.08258640237217652,-0.21261929615467445
31,k__Bacteria;p__Actinobacteria;c__Actinobacteria;o__Micrococcales,k__Bacteria;p__Actinobacteria;c__Actinobacteria;o__Micrococcales;f__Cellulomonadaceae,ard regression,-0.006680444924268227,0.08258640237217652,-0.21261929615463035
32,k__Bacteria;p__Actinobacteria;c__Actinobacteria;o__Micrococcales,k__Bacteria;p__Bacteroidetes;c__Bacteroidia;o__Bacteroidales;f__Bacteroidaceae,ard regression,-0.006680444924268227,0.08258640237217652,-0.3733821819305169
33,k__Bacteria;p__Actinobacteria;c__Actinobacteria;o__Micrococcales,k__Bacteria;p__Bacteroidetes;c__Bacteroidia;o__Bacteroidales;f__Prevotellaceae,ard regression,-0.006680444924268227,0.08258640237217652,0.2314484874993538
34,k__Bacteria;p__Actinobacteria;c__Actinobacteria;o__Micrococcales,k__Bacteria;p__Bacteroidetes;c__Bacteroidia;o__Bacteroidales;f__Rikenellaceae,ard regression,-0.006680444924268227,0.08258640237217652,-0.20865235874363436
35,k__Bacteria;p__Actinobacteria;c__Actinobacteria;o__Micrococcales,k__Bacteria;p__Firmicutes;c__Bacilli;o__Lactobacillales;f__Enterococcaceae,ard regression,-0.006680444924268227,0.08258640237217652,0.28836315828425607
36,k__Bacteria;p__Actinobacteria;c__Actinobacteria;o__Micrococcales,k__Bacteria;p__Firmicutes;c__Clostridia;o__Clostridiales;f__Oscillospiraceae,ard regression,-0.006680444924268227,0.08258640237217652,-0.25320012219458515
37,k__Bacteria;p__Actinobacteria;c__Actinobacteria;o__Micrococcales;f__Cellulomonadaceae,k__Bacteria;p__Actinobacteria;c__Actinobacteria;o__Micrococcales,ard regression,-0.002227311596732096,0.08510470355171747,-0.20478440448237717
38,k__Bacteria;p__Actinobacteria;c__Actinobacteria;o__Micrococcales;f__Cellulomonadaceae,k__Bacteria;p__Actinobacteria;c__Actinobacteria;o__Micrococcales;f__Cellulomonadaceae,ard regression,-0.002227311596732096,0.08510470355171747,-0.20478440448238328
39,k__Bacteria;p__Actinobacteria;c__Actinobacteria;o__Micrococcales;f__Cellulomonadaceae,k__Bacteria;p__Bacteroidetes;c__Bacteroidia;o__Bacteroidales;f__Bacteroidaceae,ard regression,-0.002227311596732096,0.08510470355171747,-0.19902687499655947
40,k__Bacteria;p__Actinobacteria;c__Actinobacteria;o__Micrococcales;f__Cellulomonadaceae,k__Bacteria;p__Bacteroidetes;c__Bacteroidia;o__Bacteroidales;f__Prevotellaceae,ard regression,-0.002227311596732096,0.08510470355171747,0.272790620905164
41,k__Bacteria;p__Actinobacteria;c__Actinobacteria;o__Micrococcales;f__Cellulomonadaceae,k__Bacteria;p__Firmicutes;c__Clostridia;o__Clostridiales;NA,ard regression,-0.002227311596732096,0.08510470355171747,0.4565380435949558
42,k__Bacteria;p__Actinobacteria;c__Actinobacteria;o__Micrococcales;f__Cellulomonadaceae,k__Bacteria;p__Firmicutes;c__Clostridia;o__Clostridiales;f__Oscillospiraceae,ard regression,-0.002227311596732096,0.08510470355171747,-0.2955574619222941
43,k__Bacteria;p__Actinobacteria;c__Coriobacteriia,k__Bacteria;p__Actinobacteria;c__Coriobacteriia,ard regression,-0.005742579613263832,0.06875790033635627,-0.5079210138610638
44,k__Bacteria;p__Actinobacteria;c__Coriobacteriia,k__Bacteria;p__Firmicutes;c__Bacilli;o__Lactobacillales;f__Enterococcaceae,ard regression,-0.005742579613263832,0.06875790033635627,0.1550763130529688
45,k__Bacteria;p__Actinobacteria;c__Coriobacteriia,k__Bacteria;p__Firmicutes;c__Clostridia;o__Clostridiales;f__Oscillospiraceae,ard regression,-0.005742579613263832,0.06875790033635627,0.15452938819905468
46,k__Bacteria;p__Actinobacteria;c__Coriobacteriia,k__Bacteria;p__Firmicutes;c__Clostridia;o__Clostridiales;f__Ruminococcaceae,ard regression,-0.005742579613263832,0.06875790033635627,-0.16024867235820506
47,k__Bacteria;p__Actinobacteria;c__Coriobacteriia;o__Coriobacteriales,k__Bacteria;p__Actinobacteria;c__Coriobacteriia;o__Coriobacteriales,ard regression,-0.008215890960699804,0.3784913713719334,-2.208006982081136
48,k__Bacteria;p__Actinobacteria;c__Coriobacteriia;o__Coriobacteriales,k__Bacteria;p__Actinobacteria;c__Coriobacteriia;o__Coriobacteriales;f__Coriobacteriaceae,ard regression,-0.008215890960699804,0.3784913713719334,2.245543727527247
49,k__Bacteria;p__Actinobacteria;c__Coriobacteriia;o__Coriobacteriales;f__Coriobacteriaceae,k__Bacteria;p__Actinobacteria;c__Coriobacteriia;o__Coriobacteriales,ard regression,-0.0032687552997225297,0.33803815448955893,-1.9584819261489699
50,k__Bacteria;p__Actinobacteria;c__Coriobacteriia;o__Coriobacteriales;f__Coriobacteriaceae,k__Bacteria;p__Actinobacteria;c__Coriobacteriia;o__Coriobacteriales;f__Coriobacteriaceae,ard regression,-0.0032687552997225297,0.33803815448955893,1.9557953753298776
51,k__Bacteria;p__Actinobacteria;c__Coriobacteriia;o__Coriobacteriales;f__Coriobacteriaceae,k__Bacteria;p__Firmicutes;c__Clostridia;o__Clostridiales;NA,ard regression,-0.0032687552997225297,0.33803815448955893,0.6846989882709208
52,k__Bacteria;p__Actinobacteria;c__Coriobacteriia;o__Eggerthellales,k__Bacteria;p__Actinobacteria;c__Coriobacteriia,ard regression,0.007307789938978917,0.06330504557972004,-0.23750505017580378
53,k__Bacteria;p__Actinobacteria;c__Coriobacteriia;o__Eggerthellales,k__Bacteria;p__Actinobacteria;c__Coriobacteriia;o__Eggerthellales;f__Eggerthellaceae,ard regression,0.007307789938978917,0.06330504557972004,-0.3160497184123131
54,k__Bacteria;p__Actinobacteria;c__Coriobacteriia;o__Eggerthellales,k__Bacteria;p__Firmicutes;c__Clostridia;o__Clostridiales;f__Peptostreptococcaceae,ard regression,0.007307789938978917,0.06330504557972004,0.20062785089389526
55,k__Bacteria;p__Actinobacteria;c__Coriobacteriia;o__Eggerthellales,k__Bacteria;p__Proteobacteria,ard regression,0.007307789938978917,0.06330504557972004,0.1851657399793112
56,k__Bacteria;p__Actinobacteria;c__Coriobacteriia;o__Eggerthellales;f__Eggerthellaceae,k__Bacteria;p__Actinobacteria;c__Coriobacteriia,ard regression,0.005803937419564215,0.10012002842736685,-0.23119884682049394
57,k__Bacteria;p__Actinobacteria;c__Coriobacteriia;o__Eggerthellales;f__Eggerthellaceae,k__Bacteria;p__Actinobacteria;c__Coriobacteriia;o__Eggerthellales;f__Eggerthellaceae,ard regression,0.005803937419564215,0.10012002842736685,-0.4053242521659522
58,k__Bacteria;p__Actinobacteria;c__Coriobacteriia;o__Eggerthellales;f__Eggerthellaceae,k__Bacteria;p__Firmicutes;c__Clostridia;o__Clostridiales;f__Peptostreptococcaceae,ard regression,0.005803937419564215,0.10012002842736685,0.23941178451963
59,k__Bacteria;p__Actinobacteria;c__Coriobacteriia;o__Eggerthellales;f__Eggerthellaceae,k__Bacteria;p__Firmicutes;c__Negativicutes;o__Acidaminococcales,ard regression,0.005803937419564215,0.10012002842736685,0.3864398073143838
60,k__Bacteria;p__Actinobacteria;c__Coriobacteriia;o__Eggerthellales;f__Eggerthellaceae,k__Bacteria;p__Firmicutes;c__Negativicutes;o__Acidaminococcales;f__Acidaminococcaceae,ard regression,0.005803937419564215,0.10012002842736685,-0.44786411730061987
61,k__Bacteria;p__Actinobacteria;c__Coriobacteriia;o__Eggerthellales;f__Eggerthellaceae,k__Bacteria;p__Proteobacteria,ard regression,0.005803937419564215,0.10012002842736685,0.2434333087086947
62,k__Bacteria;p__Bacteroidetes,k__Bacteria;p__Bacteroidetes,ard regression,-0.013076130931105311,0.0822990750856568,-0.6938112691273379
63,k__Bacteria;p__Bacteroidetes;NA,k__Bacteria;p__Bacteroidetes;c__Bacteroidia;o__Bacteroidales;NA,ard regression,-0.002350894259598703,0.16188642202879616,-0.5321619638243409
64,k__Bacteria;p__Bacteroidetes;NA,k__Bacteria;p__Firmicutes;c__Bacilli;o__Lactobacillales;f__Enterococcaceae,ard regression,-0.002350894259598703,0.16188642202879616,0.32572867787363563
65,k__Bacteria;p__Bacteroidetes;NA,k__Bacteria;p__Firmicutes;c__Clostridia;o__Clostridiales;NA,ard regression,-0.002350894259598703,0.16188642202879616,-0.34897729776747916
66,k__Bacteria;p__Bacteroidetes;NA,k__Bacteria;p__Firmicutes;c__Clostridia;o__Clostridiales;f__,ard regression,-0.002350894259598703,0.16188642202879616,0.37849012244804753
67,k__Bacteria;p__Bacteroidetes;NA,k__Bacteria;p__Proteobacteria;c__Gammaproteobacteria;o__Enterobacterales,ard regression,-0.002350894259598703,0.16188642202879616,-0.6459126469553711
68,k__Bacteria;p__Bacteroidetes;NA,k__Bacteria;p__Proteobacteria;c__Gammaproteobacteria;o__Enterobacterales;f__Enterobacteriaceae,ard regression,-0.002350894259598703,0.16188642202879616,0.6921806626797322
69,k__Bacteria;p__Bacteroidetes;NA;NA,k__Bacteria;p__Bacteroidetes;NA,ard regression,-0.004282940837767902,0.10584508304330961,-0.25873742663751204
70,k__Bacteria;p__Bacteroidetes;NA;NA,k__Bacteria;p__Bacteroidetes;NA;NA,ard regression,-0.004282940837767902,0.10584508304330961,-0.25873742663754395
71,k__Bacteria;p__Bacteroidetes;NA;NA,k__Bacteria;p__Bacteroidetes;NA;NA;NA,ard regression,-0.004282940837767902,0.10584508304330961,-0.258737426637389
72,k__Bacteria;p__Bacteroidetes;NA;NA,k__Bacteria;p__Bacteroidetes;c__Bacteroidia;o__Bacteroidales;NA,ard regression,-0.004282940837767902,0.10584508304330961,-0.5987995017899379
73,k__Bacteria;p__Bacteroidetes;NA;NA,k__Bacteria;p__Bacteroidetes;c__Bacteroidia;o__Bacteroidales;f__Bacteroidaceae,ard regression,-0.004282940837767902,0.10584508304330961,0.3089743549126317
74,k__Bacteria;p__Bacteroidetes;NA;NA,k__Bacteria;p__Firmicutes;c__Bacilli;o__Lactobacillales;f__Enterococcaceae,ard regression,-0.004282940837767902,0.10584508304330961,0.23570199487600146
75,k__Bacteria;p__Bacteroidetes;NA;NA,k__Bacteria;p__Firmicutes;c__Clostridia;o__Clostridiales;f__,ard regression,-0.004282940837767902,0.10584508304330961,0.24810571068266762
76,k__Bacteria;p__Bacteroidetes;NA;NA;NA,k__Bacteria;p__Bacteroidetes;NA,ard regression,-0.012171749319081401,0.13448983284456545,-0.2894974022317509
77,k__Bacteria;p__Bacteroidetes;NA;NA;NA,k__Bacteria;p__Bacteroidetes;NA;NA,ard regression,-0.012171749319081401,0.13448983284456545,-0.28949740223252196
78,k__Bacteria;p__Bacteroidetes;NA;NA;NA,k__Bacteria;p__Bacteroidetes;NA;NA;NA,ard regression,-0.012171749319081401,0.13448983284456545,-0.2894974022324909
79,k__Bacteria;p__Bacteroidetes;NA;NA;NA,k__Bacteria;p__Bacteroidetes;c__Bacteroidia;o__Bacteroidales;NA,ard regression,-0.012171749319081401,0.13448983284456545,-0.5252893227362021
80,k__Bacteria;p__Bacteroidetes;NA;NA;NA,k__Bacteria;p__Firmicutes;c__Bacilli;o__Lactobacillales;f__Enterococcaceae,ard regression,-0.012171749319081401,0.13448983284456545,0.3013814060464169
81,k__Bacteria;p__Bacteroidetes;NA;NA;NA,k__Bacteria;p__Firmicutes;c__Clostridia;o__Clostridiales;f__,ard regression,-0.012171749319081401,0.13448983284456545,0.39628760323870893
82,k__Bacteria;p__Bacteroidetes;NA;NA;NA,k__Bacteria;p__Firmicutes;c__Negativicutes;o__Acidaminococcales,ard regression,-0.012171749319081401,0.13448983284456545,-0.4579294602246849
83,k__Bacteria;p__Bacteroidetes;NA;NA;NA,k__Bacteria;p__Firmicutes;c__Negativicutes;o__Acidaminococcales;f__Acidaminococcaceae,ard regression,-0.012171749319081401,0.13448983284456545,0.48219429279907394
84,k__Bacteria;p__Bacteroidetes;c__Bacteroidia,k__Bacteria;p__Bacteroidetes,ard regression,-0.010148082317280328,0.1128178315697456,-0.6846155169300842
85,k__Bacteria;p__Bacteroidetes;c__Bacteroidia,k__Bacteria;p__Firmicutes;c__Clostridia;o__Clostridiales;NA,ard regression,-0.010148082317280328,0.1128178315697456,0.3042018797543154
86,k__Bacteria;p__Bacteroidetes;c__Bacteroidia,k__Bacteria;p__Firmicutes;c__Negativicutes;o__Acidaminococcales,ard regression,-0.010148082317280328,0.1128178315697456,-0.40806644100590006
87,k__Bacteria;p__Bacteroidetes;c__Bacteroidia,k__Bacteria;p__Firmicutes;c__Negativicutes;o__Acidaminococcales;f__Acidaminococcaceae,ard regression,-0.010148082317280328,0.1128178315697456,0.44035712562600365
88,k__Bacteria;p__Bacteroidetes;c__Bacteroidia;o__Bacteroidales,k__Bacteria;p__Bacteroidetes,ard regression,-0.007645743885797576,0.12662396733432157,-0.6107557697871829
89,k__Bacteria;p__Bacteroidetes;c__Bacteroidia;o__Bacteroidales,k__Bacteria;p__Firmicutes;c__Negativicutes;o__Acidaminococcales,ard regression,-0.007645743885797576,0.12662396733432157,-0.26378322667584214
90,k__Bacteria;p__Bacteroidetes;c__Bacteroidia;o__Bacteroidales,k__Bacteria;p__Firmicutes;c__Negativicutes;o__Acidaminococcales;f__Acidaminococcaceae,ard regression,-0.007645743885797576,0.12662396733432157,0.3219935794574604
91,k__Bacteria;p__Bacteroidetes;c__Bacteroidia;o__Bacteroidales,k__Bacteria;p__Proteobacteria;c__Gammaproteobacteria;o__Enterobacterales,ard regression,-0.007645743885797576,0.12662396733432157,-0.46585216868634133
92,k__Bacteria;p__Bacteroidetes;c__Bacteroidia;o__Bacteroidales,k__Bacteria;p__Proteobacteria;c__Gammaproteobacteria;o__Enterobacterales;f__Enterobacteriaceae,ard regression,-0.007645743885797576,0.12662396733432157,0.5045696581291599
93,k__Bacteria;p__Bacteroidetes;c__Bacteroidia;o__Bacteroidales;NA,k__Bacteria;p__Bacteroidetes;c__Bacteroidia;o__Bacteroidales;NA,ard regression,-0.005808018668977109,0.06381093472291571,-0.2913768486415063
94,k__Bacteria;p__Bacteroidetes;c__Bacteroidia;o__Bacteroidales;NA,k__Bacteria;p__Firmicutes;c__Clostridia;o__Clostridiales;NA,ard regression,-0.005808018668977109,0.06381093472291571,0.3826681697172558
95,k__Bacteria;p__Bacteroidetes;c__Bacteroidia;o__Bacteroidales;NA,k__Bacteria;p__Firmicutes;c__Clostridia;o__Clostridiales;f__Oscillospiraceae,ard regression,-0.005808018668977109,0.06381093472291571,-0.1490721094114828
96,k__Bacteria;p__Bacteroidetes;c__Bacteroidia;o__Bacteroidales;f__Bacteroidaceae,k__Bacteria;p__Bacteroidetes,ard regression,-0.008112579987018139,0.054740811206219216,-0.17963057702763413
97,k__Bacteria;p__Bacteroidetes;c__Bacteroidia;o__Bacteroidales;f__Bacteroidaceae,k__Bacteria;p__Bacteroidetes;c__Bacteroidia,ard regression,-0.008112579987018139,0.054740811206219216,-0.19231181054064905
98,k__Bacteria;p__Bacteroidetes;c__Bacteroidia;o__Bacteroidales;f__Bacteroidaceae,k__Bacteria;p__Bacteroidetes;c__Bacteroidia;o__Bacteroidales,ard regression,-0.008112579987018139,0.054740811206219216,-0.19231181054064253
99,k__Bacteria;p__Bacteroidetes;c__Bacteroidia;o__Bacteroidales;f__Bacteroidaceae,k__Bacteria;p__Firmicutes;c__Clostridia,ard regression,-0.008112579987018139,0.054740811206219216,0.12646953672454458
100,k__Bacteria;p__Bacteroidetes;c__Bacteroidia;o__Bacteroidales;f__Bacteroidaceae,k__Bacteria;p__Firmicutes;c__Clostridia;o__Clostridiales,ard regression,-0.008112579987018139,0.054740811206219216,0.12646953672455402
101,k__Bacteria;p__Bacteroidetes;c__Bacteroidia;o__Bacteroidales;f__Bacteroidaceae,k__Bacteria;p__Firmicutes;c__Clostridia;o__Clostridiales;NA,ard regression,-0.008112579987018139,0.054740811206219216,0.19309399433555827
102,k__Bacteria;p__Bacteroidetes;c__Bacteroidia;o__Bacteroidales;f__Barnesiellaceae,k__Bacteria;p__Firmicutes;c__Erysipelotrichia,ard regression,-0.0009645434900222824,0.5438941349529951,1.9762438812121834
103,k__Bacteria;p__Bacteroidetes;c__Bacteroidia;o__Bacteroidales;f__Barnesiellaceae,k__Bacteria;p__Firmicutes;c__Erysipelotrichia;o__Erysipelotrichales,ard regression,-0.0009645434900222824,0.5438941349529951,1.9762438812154632
104,k__Bacteria;p__Bacteroidetes;c__Bacteroidia;o__Bacteroidales;f__Barnesiellaceae,k__Bacteria;p__Firmicutes;c__Erysipelotrichia;o__Erysipelotrichales;f__Erysipelotrichaceae,ard regression,-0.0009645434900222824,0.5438941349529951,-3.8869843997362916
105,k__Bacteria;p__Bacteroidetes;c__Bacteroidia;o__Bacteroidales;f__Odoribacteraceae,k__Bacteria;p__Bacteroidetes;c__Bacteroidia;o__Bacteroidales;f__Odoribacteraceae,ard regression,-0.002787195866966009,0.04838961115764522,-0.21621091329101294
106,k__Bacteria;p__Bacteroidetes;c__Bacteroidia;o__Bacteroidales;f__Odoribacteraceae,k__Bacteria;p__Bacteroidetes;c__Bacteroidia;o__Bacteroidales;f__Prevotellaceae,ard regression,-0.002787195866966009,0.04838961115764522,-0.13248362778942083
107,k__Bacteria;p__Bacteroidetes;c__Bacteroidia;o__Bacteroidales;f__Odoribacteraceae,k__Bacteria;p__Firmicutes;c__Clostridia,ard regression,-0.002787195866966009,0.04838961115764522,0.13254374807138936
108,k__Bacteria;p__Bacteroidetes;c__Bacteroidia;o__Bacteroidales;f__Odoribacteraceae,k__Bacteria;p__Firmicutes;c__Clostridia;o__Clostridiales,ard regression,-0.002787195866966009,0.04838961115764522,0.13254374807139774
109,k__Bacteria;p__Bacteroidetes;c__Bacteroidia;o__Bacteroidales;f__Odoribacteraceae,k__Bacteria;p__Firmicutes;c__Clostridia;o__Clostridiales;f__Oscillospiraceae,ard regression,-0.002787195866966009,0.04838961115764522,-0.1709986095290114
110,k__Bacteria;p__Bacteroidetes;c__Bacteroidia;o__Bacteroidales;f__Prevotellaceae,k__Bacteria;p__Firmicutes;c__Clostridia,ard regression,0.0004615597687446163,0.051725603864655835,0.2733638981246151
111,k__Bacteria;p__Bacteroidetes;c__Bacteroidia;o__Bacteroidales;f__Prevotellaceae,k__Bacteria;p__Firmicutes;c__Clostridia;o__Clostridiales,ard regression,0.0004615597687446163,0.051725603864655835,0.2733638981246537
112,k__Bacteria;p__Bacteroidetes;c__Bacteroidia;o__Bacteroidales;f__Prevotellaceae,k__Bacteria;p__Firmicutes;c__Clostridia;o__Clostridiales;f__Ruminococcaceae,ard regression,0.0004615597687446163,0.051725603864655835,-0.15098787744221495
113,k__Bacteria;p__Bacteroidetes;c__Bacteroidia;o__Bacteroidales;f__Rikenellaceae,k__Bacteria;p__Bacteroidetes,ard regression,-0.013297371467247809,0.17297253448902877,-0.7499208385797178
114,k__Bacteria;p__Bacteroidetes;c__Bacteroidia;o__Bacteroidales;f__Rikenellaceae,k__Bacteria;p__Firmicutes;c__Clostridia;o__Clostridiales;NA,ard regression,-0.013297371467247809,0.17297253448902877,1.047318303816478
115,k__Bacteria;p__Bacteroidetes;c__Bacteroidia;o__Bacteroidales;f__Rikenellaceae,k__Bacteria;p__Firmicutes;c__Clostridia;o__Clostridiales;f__,ard regression,-0.013297371467247809,0.17297253448902877,-0.5998197530495786
116,k__Bacteria;p__Bacteroidetes;c__Bacteroidia;o__Bacteroidales;f__Tannerellaceae,k__Bacteria;p__Bacteroidetes;c__Bacteroidia;o__Bacteroidales;NA,ard regression,-0.005192813022819306,0.03254735973374554,-0.19733009053817438
117,k__Bacteria;p__Bacteroidetes;c__Bacteroidia;o__Bacteroidales;f__Tannerellaceae,k__Bacteria;p__Bacteroidetes;c__Bacteroidia;o__Bacteroidales;f__Tannerellaceae,ard regression,-0.005192813022819306,0.03254735973374554,-0.1137417333988955
118,k__Bacteria;p__Bacteroidetes;c__Bacteroidia;o__Bacteroidales;f__Tannerellaceae,k__Bacteria;p__Firmicutes;c__Clostridia;o__Clostridiales;f__Clostridiaceae,ard regression,-0.005192813022819306,0.03254735973374554,0.06993411875155521
119,k__Bacteria;p__Bacteroidetes;c__Bacteroidia;o__Bacteroidales;f__Tannerellaceae,k__Bacteria;p__Firmicutes;c__Clostridia;o__Clostridiales;f__Eubacteriaceae,ard regression,-0.005192813022819306,0.03254735973374554,-0.07566680415098491
120,k__Bacteria;p__Firmicutes,k__Bacteria;p__Firmicutes;c__Clostridia,ard regression,-0.010255948652526308,0.06984254431926017,-0.3969695177370634
121,k__Bacteria;p__Firmicutes,k__Bacteria;p__Firmicutes;c__Clostridia;o__Clostridiales,ard regression,-0.010255948652526308,0.06984254431926017,-0.3969695177372497
122,k__Bacteria;p__Firmicutes,k__Bacteria;p__Firmicutes;c__Clostridia;o__Clostridiales;f__Lachnospiraceae,ard regression,-0.010255948652526308,0.06984254431926017,0.13931438195366455
123,k__Bacteria;p__Firmicutes;NA,k__Bacteria;p__Actinobacteria;c__Coriobacteriia;o__Eggerthellales,ard regression,-0.00542942856424294,0.20936815914195286,1.322439293935384
124,k__Bacteria;p__Firmicutes;NA,k__Bacteria;p__Actinobacteria;c__Coriobacteriia;o__Eggerthellales;f__Eggerthellaceae,ard regression,-0.00542942856424294,0.20936815914195286,-1.2450632025499706
125,k__Bacteria;p__Firmicutes;NA;NA,k__Bacteria;p__Actinobacteria;c__Coriobacteriia;o__Eggerthellales,ard regression,-0.005140639463800184,0.31454785548454167,1.973166164288407
126,k__Bacteria;p__Firmicutes;NA;NA,k__Bacteria;p__Actinobacteria;c__Coriobacteriia;o__Eggerthellales;f__Eggerthellaceae,ard regression,-0.005140639463800184,0.31454785548454167,-1.9059035223411533
127,k__Bacteria;p__Firmicutes;NA;NA;NA,k__Bacteria;p__Actinobacteria;c__Coriobacteriia;o__Eggerthellales,ard regression,-0.00553343125739119,0.1794375625245596,1.1340567691814882
128,k__Bacteria;p__Firmicutes;NA;NA;NA,k__Bacteria;p__Actinobacteria;c__Coriobacteriia;o__Eggerthellales;f__Eggerthellaceae,ard regression,-0.00553343125739119,0.1794375625245596,-1.0591120643629424
129,k__Bacteria;p__Firmicutes;c__Bacilli,k__Bacteria;p__Firmicutes;c__Bacilli,ard regression,-0.009070132287552756,0.05214122059123231,-0.25066120497932726
130,k__Bacteria;p__Firmicutes;c__Bacilli,k__Bacteria;p__Firmicutes;c__Bacilli;o__Lactobacillales,ard regression,-0.009070132287552756,0.05214122059123231,-0.25066120497932726
131,k__Bacteria;p__Firmicutes;c__Bacilli,k__Bacteria;p__Firmicutes;c__Clostridia;o__Clostridiales;f__Peptostreptococcaceae,ard regression,-0.009070132287552756,0.05214122059123231,-0.1869772322099573
132,k__Bacteria;p__Firmicutes;c__Bacilli;o__Lactobacillales,k__Bacteria;p__Firmicutes;c__Bacilli,ard regression,-0.009290523611853091,0.05196834620468009,-0.2539568898260051
133,k__Bacteria;p__Firmicutes;c__Bacilli;o__Lactobacillales,k__Bacteria;p__Firmicutes;c__Bacilli;o__Lactobacillales,ard regression,-0.009290523611853091,0.05196834620468009,-0.2539568898259544
134,k__Bacteria;p__Firmicutes;c__Bacilli;o__Lactobacillales,k__Bacteria;p__Firmicutes;c__Bacilli;o__Lactobacillales;f__Lactobacillaceae,ard regression,-0.009290523611853091,0.05196834620468009,0.11165698394523296
135,k__Bacteria;p__Firmicutes;c__Bacilli;o__Lactobacillales,k__Bacteria;p__Firmicutes;c__Clostridia;o__Clostridiales;f__Peptostreptococcaceae,ard regression,-0.009290523611853091,0.05196834620468009,-0.15198097419382886
136,k__Bacteria;p__Firmicutes;c__Bacilli;o__Lactobacillales;f__Enterococcaceae,k__Bacteria;p__Bacteroidetes;c__Bacteroidia;o__Bacteroidales;f__Bacteroidaceae,ard regression,-0.002841591482728447,0.07297386044291064,0.1817176411292037
137,k__Bacteria;p__Firmicutes;c__Bacilli;o__Lactobacillales;f__Enterococcaceae,k__Bacteria;p__Firmicutes;c__Bacilli;o__Lactobacillales;f__Enterococcaceae,ard regression,-0.002841591482728447,0.07297386044291064,-0.5687576044965202
138,k__Bacteria;p__Firmicutes;c__Bacilli;o__Lactobacillales;f__Lactobacillaceae,k__Bacteria;p__Firmicutes;c__Bacilli,ard regression,-0.006015101973239322,0.07925994591057661,0.17913014606033018
139,k__Bacteria;p__Firmicutes;c__Bacilli;o__Lactobacillales;f__Lactobacillaceae,k__Bacteria;p__Firmicutes;c__Bacilli;o__Lactobacillales,ard regression,-0.006015101973239322,0.07925994591057661,0.17913014606032754
140,k__Bacteria;p__Firmicutes;c__Bacilli;o__Lactobacillales;f__Lactobacillaceae,k__Bacteria;p__Firmicutes;c__Bacilli;o__Lactobacillales;f__Lactobacillaceae,ard regression,-0.006015101973239322,0.07925994591057661,-0.3542174321084743
141,k__Bacteria;p__Firmicutes;c__Bacilli;o__Lactobacillales;f__Lactobacillaceae,k__Bacteria;p__Firmicutes;c__Clostridia;o__Clostridiales;f__Lachnospiraceae,ard regression,-0.006015101973239322,0.07925994591057661,-0.47760348555043125
142,k__Bacteria;p__Firmicutes;c__Bacilli;o__Lactobacillales;f__Streptococcaceae,k__Bacteria;p__Firmicutes;c__Bacilli;o__Lactobacillales;f__Streptococcaceae,ard regression,0.0026274764889483407,0.1304505034077093,-0.5496974596102655
143,k__Bacteria;p__Firmicutes;c__Bacilli;o__Lactobacillales;f__Streptococcaceae,k__Bacteria;p__Firmicutes;c__Clostridia;o__Clostridiales;NA,ard regression,0.0026274764889483407,0.1304505034077093,0.7570461892809854
144,k__Bacteria;p__Firmicutes;c__Bacilli;o__Lactobacillales;f__Streptococcaceae,k__Bacteria;p__Firmicutes;c__Clostridia;o__Clostridiales;f__,ard regression,0.0026274764889483407,0.1304505034077093,-0.2587279967254136
145,k__Bacteria;p__Firmicutes;c__Bacilli;o__Lactobacillales;f__Streptococcaceae,k__Bacteria;p__Firmicutes;c__Clostridia;o__Clostridiales;f__Ruminococcaceae,ard regression,0.0026274764889483407,0.1304505034077093,0.27589509690848385
146,k__Bacteria;p__Firmicutes;c__Clostridia,k__Bacteria;p__Firmicutes;c__Clostridia,ard regression,-0.008535811035078472,0.06175265298307678,-0.3665755116218945
147,k__Bacteria;p__Firmicutes;c__Clostridia,k__Bacteria;p__Firmicutes;c__Clostridia;o__Clostridiales,ard regression,-0.008535811035078472,0.06175265298307678,-0.3665755116218945
148,k__Bacteria;p__Firmicutes;c__Clostridia;o__Clostridiales,k__Bacteria;p__Firmicutes;c__Clostridia,ard regression,-0.01067506996710495,0.07735211636300586,-0.43903199377133945
149,k__Bacteria;p__Firmicutes;c__Clostridia;o__Clostridiales,k__Bacteria;p__Firmicutes;c__Clostridia;o__Clostridiales,ard regression,-0.01067506996710495,0.07735211636300586,-0.43903199377130053
150,k__Bacteria;p__Firmicutes;c__Clostridia;o__Clostridiales,k__Bacteria;p__Firmicutes;c__Clostridia;o__Clostridiales;f__Lachnospiraceae,ard regression,-0.01067506996710495,0.07735211636300586,0.1849921890712404
151,k__Bacteria;p__Firmicutes;c__Clostridia;o__Clostridiales;NA,k__Bacteria;p__Firmicutes;c__Clostridia;o__Clostridiales;NA,ard regression,-0.004924677910759397,0.0752981951151337,-0.6179119126017052
152,k__Bacteria;p__Firmicutes;c__Clostridia;o__Clostridiales;NA,k__Bacteria;p__Firmicutes;c__Clostridia;o__Clostridiales;f__Lachnospiraceae,ard regression,-0.004924677910759397,0.0752981951151337,0.18974959181213336
153,k__Bacteria;p__Firmicutes;c__Clostridia;o__Clostridiales;f__,k__Bacteria;p__Bacteroidetes;c__Bacteroidia;o__Bacteroidales;f__Bacteroidaceae,ard regression,-0.004021164414851871,0.062082016364372314,0.14050978075165504
154,k__Bacteria;p__Firmicutes;c__Clostridia;o__Clostridiales;f__,k__Bacteria;p__Firmicutes;c__Clostridia;o__Clostridiales;f__,ard regression,-0.004021164414851871,0.062082016364372314,-0.48757503513346373
155,k__Bacteria;p__Firmicutes;c__Clostridia;o__Clostridiales;f__,k__Bacteria;p__Firmicutes;c__Clostridia;o__Clostridiales;f__Lachnospiraceae,ard regression,-0.004021164414851871,0.062082016364372314,0.17549275617584945
156,k__Bacteria;p__Firmicutes;c__Clostridia;o__Clostridiales;f__Clostridiaceae,k__Bacteria;p__Firmicutes;c__Clostridia;o__Clostridiales;NA,ard regression,-0.005877052936311169,0.04851981009198468,-0.18961946388002462
157,k__Bacteria;p__Firmicutes;c__Clostridia;o__Clostridiales;f__Clostridiaceae,k__Bacteria;p__Firmicutes;c__Clostridia;o__Clostridiales;f__Clostridiaceae,ard regression,-0.005877052936311169,0.04851981009198468,-0.3735528182970371
158,k__Bacteria;p__Firmicutes;c__Clostridia;o__Clostridiales;f__Clostridiales Family XIII. Incertae Sedis,k__Bacteria;p__Actinobacteria;c__Actinobacteria,ard regression,-0.004925007566967207,0.06842402888172489,0.22375485866946412
159,k__Bacteria;p__Firmicutes;c__Clostridia;o__Clostridiales;f__Clostridiales Family XIII. Incertae Sedis,k__Bacteria;p__Actinobacteria;c__Actinobacteria;o__Bifidobacteriales,ard regression,-0.004925007566967207,0.06842402888172489,-0.23301480670790398
160,k__Bacteria;p__Firmicutes;c__Clostridia;o__Clostridiales;f__Clostridiales Family XIII. Incertae Sedis,k__Bacteria;p__Firmicutes;c__Clostridia;o__Clostridiales;f__Clostridiales Family XIII. Incertae Sedis,ard regression,-0.004925007566967207,0.06842402888172489,-0.45749591741722445
161,k__Bacteria;p__Firmicutes;c__Clostridia;o__Clostridiales;f__Eubacteriaceae,k__Bacteria;p__Actinobacteria;c__Coriobacteriia;o__Coriobacteriales,ard regression,-0.008068896377990896,0.12621367051071034,-0.6827175286767161
162,k__Bacteria;p__Firmicutes;c__Clostridia;o__Clostridiales;f__Eubacteriaceae,k__Bacteria;p__Actinobacteria;c__Coriobacteriia;o__Coriobacteriales;f__Coriobacteriaceae,ard regression,-0.008068896377990896,0.12621367051071034,0.7348312472419235
163,k__Bacteria;p__Firmicutes;c__Clostridia;o__Clostridiales;f__Eubacteriaceae,k__Bacteria;p__Firmicutes;c__Clostridia;o__Clostridiales;f__Eubacteriaceae,ard regression,-0.008068896377990896,0.12621367051071034,-0.4379523220529613
164,k__Bacteria;p__Firmicutes;c__Clostridia;o__Clostridiales;f__Lachnospiraceae,k__Bacteria;p__Firmicutes;c__Clostridia;o__Clostridiales;f__Lachnospiraceae,ard regression,-0.0012093740832851397,0.09587261182834174,-0.5190865314051121
165,k__Bacteria;p__Firmicutes;c__Clostridia;o__Clostridiales;f__Lachnospiraceae,k__Bacteria;p__Firmicutes;c__Erysipelotrichia,ard regression,-0.0012093740832851397,0.09587261182834174,-0.2565608479873996
166,k__Bacteria;p__Firmicutes;c__Clostridia;o__Clostridiales;f__Lachnospiraceae,k__Bacteria;p__Firmicutes;c__Erysipelotrichia;o__Erysipelotrichales,ard regression,-0.0012093740832851397,0.09587261182834174,-0.25656084798728507
167,k__Bacteria;p__Firmicutes;c__Clostridia;o__Clostridiales;f__Lachnospiraceae,k__Bacteria;p__Firmicutes;c__Erysipelotrichia;o__Erysipelotrichales;f__Erysipelotrichaceae,ard regression,-0.0012093740832851397,0.09587261182834174,0.5047829563532831
168,k__Bacteria;p__Firmicutes;c__Clostridia;o__Clostridiales;f__Oscillospiraceae,k__Bacteria;p__Bacteroidetes;c__Bacteroidia;o__Bacteroidales;NA,ard regression,-0.011640168532748029,0.0784834658062665,-0.36629940450464543
169,k__Bacteria;p__Firmicutes;c__Clostridia;o__Clostridiales;f__Oscillospiraceae,k__Bacteria;p__Bacteroidetes;c__Bacteroidia;o__Bacteroidales;f__Bacteroidaceae,ard regression,-0.011640168532748029,0.0784834658062665,0.36617562890214356
170,k__Bacteria;p__Firmicutes;c__Clostridia;o__Clostridiales;f__Oscillospiraceae,k__Bacteria;p__Firmicutes;c__Clostridia;o__Clostridiales;NA,ard regression,-0.011640168532748029,0.0784834658062665,-0.20055847059447965
171,k__Bacteria;p__Firmicutes;c__Clostridia;o__Clostridiales;f__Oscillospiraceae,k__Bacteria;p__Firmicutes;c__Clostridia;o__Clostridiales;f__Oscillospiraceae,ard regression,-0.011640168532748029,0.0784834658062665,-0.3683654859224167
172,k__Bacteria;p__Firmicutes;c__Clostridia;o__Clostridiales;f__Peptostreptococcaceae,k__Bacteria;p__Firmicutes;c__Clostridia;o__Clostridiales;f__Peptostreptococcaceae,ard regression,-0.009634066833449905,0.3722126745492449,-0.915494051106864
173,k__Bacteria;p__Firmicutes;c__Clostridia;o__Clostridiales;f__Peptostreptococcaceae,k__Bacteria;p__Firmicutes;c__Erysipelotrichia,ard regression,-0.009634066833449905,0.3722126745492449,1.2498389681412683
174,k__Bacteria;p__Firmicutes;c__Clostridia;o__Clostridiales;f__Peptostreptococcaceae,k__Bacteria;p__Firmicutes;c__Erysipelotrichia;o__Erysipelotrichales,ard regression,-0.009634066833449905,0.3722126745492449,1.2498389681410427
175,k__Bacteria;p__Firmicutes;c__Clostridia;o__Clostridiales;f__Peptostreptococcaceae,k__Bacteria;p__Firmicutes;c__Erysipelotrichia;o__Erysipelotrichales;f__Erysipelotrichaceae,ard regression,-0.009634066833449905,0.3722126745492449,-2.5319717772152637
176,k__Bacteria;p__Firmicutes;c__Clostridia;o__Clostridiales;f__Ruminococcaceae,k__Bacteria;p__Firmicutes,ard regression,-0.010114412735780709,0.1792074561555281,-0.5973005368796366
177,k__Bacteria;p__Firmicutes;c__Clostridia;o__Clostridiales;f__Ruminococcaceae,k__Bacteria;p__Firmicutes;c__Clostridia;o__Clostridiales;NA,ard regression,-0.010114412735780709,0.1792074561555281,0.3621272768885698
178,k__Bacteria;p__Firmicutes;c__Clostridia;o__Clostridiales;f__Ruminococcaceae,k__Bacteria;p__Proteobacteria;c__Gammaproteobacteria;o__Enterobacterales,ard regression,-0.010114412735780709,0.1792074561555281,0.9208582707753701
179,k__Bacteria;p__Firmicutes;c__Clostridia;o__Clostridiales;f__Ruminococcaceae,k__Bacteria;p__Proteobacteria;c__Gammaproteobacteria;o__Enterobacterales;f__Enterobacteriaceae,ard regression,-0.010114412735780709,0.1792074561555281,-0.957282213137421
180,k__Bacteria;p__Firmicutes;c__Erysipelotrichia,k__Bacteria;p__Actinobacteria;c__Coriobacteriia;o__Eggerthellales,ard regression,-0.0029180588312353664,0.7453945197622385,4.295266686203832
181,k__Bacteria;p__Firmicutes;c__Erysipelotrichia,k__Bacteria;p__Actinobacteria;c__Coriobacteriia;o__Eggerthellales;f__Eggerthellaceae,ard regression,-0.0029180588312353664,0.7453945197622385,-4.25853624953057
182,k__Bacteria;p__Firmicutes;c__Erysipelotrichia,k__Bacteria;p__Firmicutes;c__Erysipelotrichia;o__Erysipelotrichales;f__Erysipelotrichaceae,ard regression,-0.0029180588312353664,0.7453945197622385,1.9146446499381349
183,k__Bacteria;p__Firmicutes;c__Erysipelotrichia;o__Erysipelotrichales,k__Bacteria;p__Firmicutes;c__Clostridia;o__Clostridiales;f__Clostridiales Family XIII. Incertae Sedis,ard regression,-0.0040476229189152415,0.04457340534888863,0.09859585092995149
184,k__Bacteria;p__Firmicutes;c__Erysipelotrichia;o__Erysipelotrichales,k__Bacteria;p__Firmicutes;c__Erysipelotrichia,ard regression,-0.0040476229189152415,0.04457340534888863,-0.2326873860839382
185,k__Bacteria;p__Firmicutes;c__Erysipelotrichia;o__Erysipelotrichales,k__Bacteria;p__Firmicutes;c__Erysipelotrichia;o__Erysipelotrichales,ard regression,-0.0040476229189152415,0.04457340534888863,-0.23268738608407535
186,k__Bacteria;p__Firmicutes;c__Erysipelotrichia;o__Erysipelotrichales,k__Bacteria;p__Proteobacteria,ard regression,-0.0040476229189152415,0.04457340534888863,0.12403448603973063
187,k__Bacteria;p__Firmicutes;c__Erysipelotrichia;o__Erysipelotrichales;f__Erysipelotrichaceae,k__Bacteria;p__Actinobacteria;c__Coriobacteriia;o__Eggerthellales,ard regression,0.000941152457324628,0.332951937902945,2.052586249939803
188,k__Bacteria;p__Firmicutes;c__Erysipelotrichia;o__Erysipelotrichales;f__Erysipelotrichaceae,k__Bacteria;p__Actinobacteria;c__Coriobacteriia;o__Eggerthellales;f__Eggerthellaceae,ard regression,0.000941152457324628,0.332951937902945,-2.0663706235488366
189,k__Bacteria;p__Firmicutes;c__Negativicutes,k__Bacteria;p__Firmicutes;c__Negativicutes;o__Acidaminococcales,ard regression,-0.005624744068306526,0.12432977778223317,-0.713265998488032
190,k__Bacteria;p__Firmicutes;c__Negativicutes,k__Bacteria;p__Firmicutes;c__Negativicutes;o__Acidaminococcales;f__Acidaminococcaceae,ard regression,-0.005624744068306526,0.12432977778223317,0.7233518505735851
191,k__Bacteria;p__Firmicutes;c__Negativicutes,k__Bacteria;p__Proteobacteria,ard regression,-0.005624744068306526,0.12432977778223317,-0.30820115460970676
192,k__Bacteria;p__Firmicutes;c__Negativicutes;o__Acidaminococcales,k__Bacteria;p__Firmicutes;c__Clostridia;o__Clostridiales;NA,ard regression,0.01552180564412651,0.4985199794263962,1.0164456988256922
193,k__Bacteria;p__Firmicutes;c__Negativicutes;o__Acidaminococcales,k__Bacteria;p__Firmicutes;c__Negativicutes;o__Acidaminococcales,ard regression,0.01552180564412651,0.4985199794263962,-2.9857133069164505
194,k__Bacteria;p__Firmicutes;c__Negativicutes;o__Acidaminococcales,k__Bacteria;p__Firmicutes;c__Negativicutes;o__Acidaminococcales;f__Acidaminococcaceae,ard regression,0.01552180564412651,0.4985199794263962,2.913036964722252
195,k__Bacteria;p__Firmicutes;c__Negativicutes;o__Acidaminococcales;f__Acidaminococcaceae,k__Bacteria;p__Actinobacteria;c__Coriobacteriia,ard regression,-0.013670419858282568,0.295193398084202,0.8613703248144026
196,k__Bacteria;p__Firmicutes;c__Negativicutes;o__Acidaminococcales;f__Acidaminococcaceae,k__Bacteria;p__Firmicutes;c__Negativicutes;o__Acidaminococcales,ard regression,-0.013670419858282568,0.295193398084202,-1.7445780729946918
197,k__Bacteria;p__Firmicutes;c__Negativicutes;o__Acidaminococcales;f__Acidaminococcaceae,k__Bacteria;p__Firmicutes;c__Negativicutes;o__Acidaminococcales;f__Acidaminococcaceae,ard regression,-0.013670419858282568,0.295193398084202,1.4724564093953874
198,k__Bacteria;p__Firmicutes;c__Negativicutes;o__Veillonellales,k__Bacteria;p__Bacteroidetes;c__Bacteroidia;o__Bacteroidales;f__Rikenellaceae,ard regression,-0.0039139795292599325,0.01337763118716005,-0.0449277298037602
199,k__Bacteria;p__Firmicutes;c__Negativicutes;o__Veillonellales,k__Bacteria;p__Firmicutes;c__Clostridia;o__Clostridiales;f__Peptostreptococcaceae,ard regression,-0.0039139795292599325,0.01337763118716005,-0.03895429997509449
200,k__Bacteria;p__Firmicutes;c__Negativicutes;o__Veillonellales,k__Bacteria;p__Firmicutes;c__Negativicutes;o__Veillonellales,ard regression,-0.0039139795292599325,0.01337763118716005,-0.05177391058349071
201,k__Bacteria;p__Firmicutes;c__Negativicutes;o__Veillonellales,k__Bacteria;p__Firmicutes;c__Negativicutes;o__Veillonellales;f__Veillonellaceae,ard regression,-0.0039139795292599325,0.01337763118716005,-0.0517739105834899
202,k__Bacteria;p__Firmicutes;c__Negativicutes;o__Veillonellales,k__Bacteria;p__Proteobacteria;c__Deltaproteobacteria;o__Desulfovibrionales;f__Desulfovibrionaceae,ard regression,-0.0039139795292599325,0.01337763118716005,-0.0712103635626448
203,k__Bacteria;p__Firmicutes;c__Negativicutes;o__Veillonellales;f__Veillonellaceae,k__Bacteria;p__Bacteroidetes;c__Bacteroidia;o__Bacteroidales;f__Rikenellaceae,ard regression,-0.002848928785243765,0.013593493470600414,-0.046048120075662
204,k__Bacteria;p__Firmicutes;c__Negativicutes;o__Veillonellales;f__Veillonellaceae,k__Bacteria;p__Firmicutes;c__Negativicutes;o__Veillonellales,ard regression,-0.002848928785243765,0.013593493470600414,-0.054759593004005985
205,k__Bacteria;p__Firmicutes;c__Negativicutes;o__Veillonellales;f__Veillonellaceae,k__Bacteria;p__Firmicutes;c__Negativicutes;o__Veillonellales;f__Veillonellaceae,ard regression,-0.002848928785243765,0.013593493470600414,-0.05475959300400337
206,k__Bacteria;p__Firmicutes;c__Negativicutes;o__Veillonellales;f__Veillonellaceae,k__Bacteria;p__Proteobacteria;c__Deltaproteobacteria;o__Desulfovibrionales;f__Desulfovibrionaceae,ard regression,-0.002848928785243765,0.013593493470600414,-0.07688644391606046
207,k__Bacteria;p__Proteobacteria,k__Bacteria;p__Firmicutes;c__Clostridia;o__Clostridiales;NA,ard regression,1.694295860494456e-05,0.08663567069183288,-0.3156580223715433
208,k__Bacteria;p__Proteobacteria,k__Bacteria;p__Proteobacteria,ard regression,1.694295860494456e-05,0.08663567069183288,-0.632795505651401
209,k__Bacteria;p__Proteobacteria;c__Betaproteobacteria,k__Bacteria;p__Firmicutes;NA,ard regression,-0.0006192518537164182,0.05697598571060326,0.15289900313194443
210,k__Bacteria;p__Proteobacteria;c__Betaproteobacteria,k__Bacteria;p__Firmicutes;NA;NA,ard regression,-0.0006192518537164182,0.05697598571060326,0.1528990031319352
211,k__Bacteria;p__Proteobacteria;c__Betaproteobacteria,k__Bacteria;p__Firmicutes;NA;NA;NA,ard regression,-0.0006192518537164182,0.05697598571060326,0.15289900313193358
212,k__Bacteria;p__Proteobacteria;c__Betaproteobacteria,k__Bacteria;p__Firmicutes;c__Clostridia;o__Clostridiales;NA,ard regression,-0.0006192518537164182,0.05697598571060326,-0.3022389624253228
213,k__Bacteria;p__Proteobacteria;c__Betaproteobacteria,k__Bacteria;p__Firmicutes;c__Clostridia;o__Clostridiales;f__Eubacteriaceae,ard regression,-0.0006192518537164182,0.05697598571060326,-0.22106302424023272
214,k__Bacteria;p__Proteobacteria;c__Betaproteobacteria,k__Bacteria;p__Proteobacteria,ard regression,-0.0006192518537164182,0.05697598571060326,-0.11709816655917067
215,k__Bacteria;p__Proteobacteria;c__Betaproteobacteria;o__Burkholderiales;NA,k__Bacteria;p__Firmicutes;c__Clostridia;o__Clostridiales;NA,ard regression,-0.003573760991817235,0.1053844160668727,-0.3046508984325716
216,k__Bacteria;p__Proteobacteria;c__Betaproteobacteria;o__Burkholderiales;NA,k__Bacteria;p__Proteobacteria,ard regression,-0.003573760991817235,0.1053844160668727,-0.36910357013538736
217,k__Bacteria;p__Proteobacteria;c__Betaproteobacteria;o__Burkholderiales;NA,k__Bacteria;p__Proteobacteria;c__Betaproteobacteria,ard regression,-0.003573760991817235,0.1053844160668727,0.25064997806971784
218,k__Bacteria;p__Proteobacteria;c__Betaproteobacteria;o__Burkholderiales;NA,k__Bacteria;p__Proteobacteria;c__Betaproteobacteria;o__Burkholderiales,ard regression,-0.003573760991817235,0.1053844160668727,0.2506499780697557
219,k__Bacteria;p__Proteobacteria;c__Betaproteobacteria;o__Burkholderiales;NA,k__Bacteria;p__Proteobacteria;c__Betaproteobacteria;o__Burkholderiales;NA,ard regression,-0.003573760991817235,0.1053844160668727,-0.5243034017993329
220,k__Bacteria;p__Proteobacteria;c__Betaproteobacteria;o__Burkholderiales;NA,k__Bacteria;p__Proteobacteria;c__Betaproteobacteria;o__Burkholderiales;f__,ard regression,-0.003573760991817235,0.1053844160668727,0.24518589528235432
221,k__Bacteria;p__Proteobacteria;c__Betaproteobacteria;o__Burkholderiales;f__,k__Bacteria;p__Firmicutes;c__Clostridia;o__Clostridiales;f__Eubacteriaceae,ard regression,-0.0011405043325923264,0.0881647098633334,-0.22065001066343765
222,k__Bacteria;p__Proteobacteria;c__Betaproteobacteria;o__Burkholderiales;f__,k__Bacteria;p__Proteobacteria,ard regression,-0.0011405043325923264,0.0881647098633334,-0.28735221817220796
223,k__Bacteria;p__Proteobacteria;c__Betaproteobacteria;o__Burkholderiales;f__,k__Bacteria;p__Proteobacteria;c__Betaproteobacteria;o__Burkholderiales;NA,ard regression,-0.0011405043325923264,0.0881647098633334,0.3638079953742428
224,k__Bacteria;p__Proteobacteria;c__Betaproteobacteria;o__Burkholderiales;f__,k__Bacteria;p__Proteobacteria;c__Betaproteobacteria;o__Burkholderiales;f__,ard regression,-0.0011405043325923264,0.0881647098633334,-0.49887298425140153
225,k__Bacteria;p__Proteobacteria;c__Betaproteobacteria;o__Burkholderiales;f__Comamonadaceae,k__Bacteria;p__Bacteroidetes;c__Bacteroidia;o__Bacteroidales;f__Bacteroidaceae,ard regression,0.01174438566039946,0.09709553166459144,0.487910062063333
226,k__Bacteria;p__Proteobacteria;c__Betaproteobacteria;o__Burkholderiales;f__Comamonadaceae,k__Bacteria;p__Firmicutes;c__Clostridia;o__Clostridiales;f__Lachnospiraceae,ard regression,0.01174438566039946,0.09709553166459144,0.3044569318260132
227,k__Bacteria;p__Proteobacteria;c__Betaproteobacteria;o__Burkholderiales;f__Comamonadaceae,k__Bacteria;p__Proteobacteria;c__Betaproteobacteria;o__Burkholderiales;f__Comamonadaceae,ard regression,0.01174438566039946,0.09709553166459144,-0.5293797040272987
228,k__Bacteria;p__Proteobacteria;c__Betaproteobacteria;o__Burkholderiales;f__Sutterellaceae,k__Bacteria;p__Proteobacteria;c__Deltaproteobacteria,ard regression,0.0004723709240990924,0.1645283307557767,0.5772388224278147
229,k__Bacteria;p__Proteobacteria;c__Betaproteobacteria;o__Burkholderiales;f__Sutterellaceae,k__Bacteria;p__Proteobacteria;c__Deltaproteobacteria;o__Desulfovibrionales,ard regression,0.0004723709240990924,0.1645283307557767,0.5772388224302543
230,k__Bacteria;p__Proteobacteria;c__Betaproteobacteria;o__Burkholderiales;f__Sutterellaceae,k__Bacteria;p__Proteobacteria;c__Deltaproteobacteria;o__Desulfovibrionales;f__Desulfovibrionaceae,ard regression,0.0004723709240990924,0.1645283307557767,-1.1609483265872502
231,k__Bacteria;p__Proteobacteria;c__Deltaproteobacteria,k__Bacteria;p__Actinobacteria;c__Actinobacteria;o__Bifidobacteriales,ard regression,0.00787831357427466,0.32630151541930963,1.5716237773727455
232,k__Bacteria;p__Proteobacteria;c__Deltaproteobacteria,k__Bacteria;p__Actinobacteria;c__Actinobacteria;o__Bifidobacteriales;f__Bifidobacteriaceae,ard regression,0.00787831357427466,0.32630151541930963,-1.720534051227043
233,k__Bacteria;p__Proteobacteria;c__Deltaproteobacteria,k__Bacteria;p__Proteobacteria;c__Deltaproteobacteria,ard regression,0.00787831357427466,0.32630151541930963,-0.684896323172919
234,k__Bacteria;p__Proteobacteria;c__Deltaproteobacteria,k__Bacteria;p__Proteobacteria;c__Deltaproteobacteria;o__Desulfovibrionales,ard regression,0.00787831357427466,0.32630151541930963,-0.6848963231769459
235,k__Bacteria;p__Proteobacteria;c__Deltaproteobacteria,k__Bacteria;p__Proteobacteria;c__Deltaproteobacteria;o__Desulfovibrionales;f__Desulfovibrionaceae,ard regression,0.00787831357427466,0.32630151541930963,1.2355960579720875
236,k__Bacteria;p__Proteobacteria;c__Deltaproteobacteria;o__Desulfovibrionales,k__Bacteria;p__Actinobacteria;c__Actinobacteria;o__Bifidobacteriales,ard regression,-0.0033843676150998106,0.33082807003889503,1.6592909235514137
237,k__Bacteria;p__Proteobacteria;c__Deltaproteobacteria;o__Desulfovibrionales,k__Bacteria;p__Actinobacteria;c__Actinobacteria;o__Bifidobacteriales;f__Bifidobacteriaceae,ard regression,-0.0033843676150998106,0.33082807003889503,-1.6956433814626617
238,k__Bacteria;p__Proteobacteria;c__Deltaproteobacteria;o__Desulfovibrionales,k__Bacteria;p__Proteobacteria;c__Deltaproteobacteria;o__Desulfovibrionales;f__Desulfovibrionaceae,ard regression,-0.0033843676150998106,0.33082807003889503,0.9826919013731086
239,k__Bacteria;p__Proteobacteria;c__Deltaproteobacteria;o__Desulfovibrionales;f__Desulfovibrionaceae,k__Bacteria;p__Actinobacteria;c__Actinobacteria;o__Bifidobacteriales,ard regression,0.00044993184397181945,0.22029647864455718,1.2602350831646951
240,k__Bacteria;p__Proteobacteria;c__Deltaproteobacteria;o__Desulfovibrionales;f__Desulfovibrionaceae,k__Bacteria;p__Actinobacteria;c__Actinobacteria;o__Bifidobacteriales;f__Bifidobacteriaceae,ard regression,0.00044993184397181945,0.22029647864455718,-1.3292073790588106
241,k__Bacteria;p__Proteobacteria;c__Epsilonproteobacteria,k__Bacteria;p__Firmicutes;c__Erysipelotrichia,ard regression,-0.005836783956658955,0.21752465366066645,0.7666833439392218
242,k__Bacteria;p__Proteobacteria;c__Epsilonproteobacteria,k__Bacteria;p__Firmicutes;c__Erysipelotrichia;o__Erysipelotrichales,ard regression,-0.005836783956658955,0.21752465366066645,0.7666833439393691
243,k__Bacteria;p__Proteobacteria;c__Epsilonproteobacteria,k__Bacteria;p__Firmicutes;c__Erysipelotrichia;o__Erysipelotrichales;f__Erysipelotrichaceae,ard regression,-0.005836783956658955,0.21752465366066645,-1.3734372732211892
244,k__Bacteria;p__Proteobacteria;c__Epsilonproteobacteria;o__Campylobacterales,k__Bacteria;p__Actinobacteria;c__Coriobacteriia;o__Eggerthellales,ard regression,-0.007328871633585181,0.07963092738439267,0.1657398844683039
245,k__Bacteria;p__Proteobacteria;c__Epsilonproteobacteria;o__Campylobacterales,k__Bacteria;p__Firmicutes;c__Bacilli;o__Lactobacillales;f__Enterococcaceae,ard regression,-0.007328871633585181,0.07963092738439267,0.3633237368644796
246,k__Bacteria;p__Proteobacteria;c__Epsilonproteobacteria;o__Campylobacterales,k__Bacteria;p__Firmicutes;c__Clostridia;o__Clostridiales;f__Eubacteriaceae,ard regression,-0.007328871633585181,0.07963092738439267,-0.23960623714537035
247,k__Bacteria;p__Proteobacteria;c__Epsilonproteobacteria;o__Campylobacterales,k__Bacteria;p__Proteobacteria,ard regression,-0.007328871633585181,0.07963092738439267,0.23031207197075315
248,k__Bacteria;p__Proteobacteria;c__Epsilonproteobacteria;o__Campylobacterales,k__Bacteria;p__Proteobacteria;c__Betaproteobacteria;o__Burkholderiales;f__Sutterellaceae,ard regression,-0.007328871633585181,0.07963092738439267,-0.261352233453905
249,k__Bacteria;p__Proteobacteria;c__Epsilonproteobacteria;o__Campylobacterales,k__Bacteria;p__Proteobacteria;c__Epsilonproteobacteria,ard regression,-0.007328871633585181,0.07963092738439267,-0.18997976396929883
250,k__Bacteria;p__Proteobacteria;c__Epsilonproteobacteria;o__Campylobacterales,k__Bacteria;p__Proteobacteria;c__Epsilonproteobacteria;o__Campylobacterales,ard regression,-0.007328871633585181,0.07963092738439267,-0.18997976396933813
251,k__Bacteria;p__Proteobacteria;c__Epsilonproteobacteria;o__Campylobacterales,k__Bacteria;p__Proteobacteria;c__Epsilonproteobacteria;o__Campylobacterales;f__Campylobacteraceae,ard regression,-0.007328871633585181,0.07963092738439267,-0.18997976396934796
252,k__Bacteria;p__Proteobacteria;c__Epsilonproteobacteria;o__Campylobacterales;f__Campylobacteraceae,k__Bacteria;p__Firmicutes;c__Clostridia;o__Clostridiales;NA,ard regression,0.0059719268217815185,0.07715315050050747,0.21485283956851392
253,k__Bacteria;p__Proteobacteria;c__Epsilonproteobacteria;o__Campylobacterales;f__Campylobacteraceae,k__Bacteria;p__Proteobacteria,ard regression,0.0059719268217815185,0.07715315050050747,0.4613230966145582
254,k__Bacteria;p__Proteobacteria;c__Epsilonproteobacteria;o__Campylobacterales;f__Campylobacteraceae,k__Bacteria;p__Proteobacteria;c__Betaproteobacteria;o__Burkholderiales;f__Sutterellaceae,ard regression,0.0059719268217815185,0.07715315050050747,-0.21773891953916763
255,k__Bacteria;p__Proteobacteria;c__Epsilonproteobacteria;o__Campylobacterales;f__Campylobacteraceae,k__Bacteria;p__Proteobacteria;c__Epsilonproteobacteria,ard regression,0.0059719268217815185,0.07715315050050747,-0.17513745198071667
256,k__Bacteria;p__Proteobacteria;c__Epsilonproteobacteria;o__Campylobacterales;f__Campylobacteraceae,k__Bacteria;p__Proteobacteria;c__Epsilonproteobacteria;o__Campylobacterales,ard regression,0.0059719268217815185,0.07715315050050747,-0.17513745198071554
257,k__Bacteria;p__Proteobacteria;c__Epsilonproteobacteria;o__Campylobacterales;f__Campylobacteraceae,k__Bacteria;p__Proteobacteria;c__Epsilonproteobacteria;o__Campylobacterales;f__Campylobacteraceae,ard regression,0.0059719268217815185,0.07715315050050747,-0.17513745198065994
258,k__Bacteria;p__Proteobacteria;c__Gammaproteobacteria,k__Bacteria;p__Firmicutes;c__Negativicutes;o__Acidaminococcales;f__Acidaminococcaceae,ard regression,0.003329467965778173,0.2878869140459177,-0.6390058355201245
259,k__Bacteria;p__Proteobacteria;c__Gammaproteobacteria,k__Bacteria;p__Proteobacteria;c__Gammaproteobacteria,ard regression,0.003329467965778173,0.2878869140459177,-0.8183862114018123
260,k__Bacteria;p__Proteobacteria;c__Gammaproteobacteria,k__Bacteria;p__Proteobacteria;c__Gammaproteobacteria;o__Enterobacterales,ard regression,0.003329467965778173,0.2878869140459177,-1.3247614659461655
261,k__Bacteria;p__Proteobacteria;c__Gammaproteobacteria,k__Bacteria;p__Proteobacteria;c__Gammaproteobacteria;o__Enterobacterales;f__Enterobacteriaceae,ard regression,0.003329467965778173,0.2878869140459177,1.7820394621126425
262,k__Bacteria;p__Proteobacteria;c__Gammaproteobacteria;o__Enterobacterales,k__Bacteria;p__Firmicutes;c__Negativicutes;o__Acidaminococcales,ard regression,-0.005938020761002803,0.3862671103913072,0.8570973077084169
263,k__Bacteria;p__Proteobacteria;c__Gammaproteobacteria;o__Enterobacterales,k__Bacteria;p__Firmicutes;c__Negativicutes;o__Acidaminococcales;f__Acidaminococcaceae,ard regression,-0.005938020761002803,0.3862671103913072,-1.01214675385965
264,k__Bacteria;p__Proteobacteria;c__Gammaproteobacteria;o__Enterobacterales,k__Bacteria;p__Proteobacteria;c__Gammaproteobacteria;o__Enterobacterales,ard regression,-0.005938020761002803,0.3862671103913072,-2.32516930010924
265,k__Bacteria;p__Proteobacteria;c__Gammaproteobacteria;o__Enterobacterales,k__Bacteria;p__Proteobacteria;c__Gammaproteobacteria;o__Enterobacterales;f__Enterobacteriaceae,ard regression,-0.005938020761002803,0.3862671103913072,2.0462457262681664
266,k__Bacteria;p__Proteobacteria;c__Gammaproteobacteria;o__Enterobacterales;f__Enterobacteriaceae,k__Bacteria;p__Proteobacteria;c__Gammaproteobacteria;o__Enterobacterales,ard regression,0.002691240371332799,0.35186784605926347,-2.3068105123419516
267,k__Bacteria;p__Proteobacteria;c__Gammaproteobacteria;o__Enterobacterales;f__Enterobacteriaceae,k__Bacteria;p__Proteobacteria;c__Gammaproteobacteria;o__Enterobacterales;f__Enterobacteriaceae,ard regression,0.002691240371332799,0.35186784605926347,2.009765038079294
268,k__Bacteria;p__Proteobacteria;c__Gammaproteobacteria;o__Pasteurellales,k__Bacteria;p__Actinobacteria;c__Actinobacteria,ard regression,0.022007351395342236,0.23753148971712795,-0.8051229849278682
269,k__Bacteria;p__Proteobacteria;c__Gammaproteobacteria;o__Pasteurellales,k__Bacteria;p__Actinobacteria;c__Actinobacteria;o__Bifidobacteriales;f__Bifidobacteriaceae,ard regression,0.022007351395342236,0.23753148971712795,1.0555279661744499
270,k__Bacteria;p__Proteobacteria;c__Gammaproteobacteria;o__Pasteurellales,k__Bacteria;p__Bacteroidetes;c__Bacteroidia;o__Bacteroidales;NA,ard regression,0.022007351395342236,0.23753148971712795,1.2046591234778665
271,k__Bacteria;p__Proteobacteria;c__Gammaproteobacteria;o__Pasteurellales,k__Bacteria;p__Firmicutes;c__Bacilli;o__Lactobacillales;f__Enterococcaceae,ard regression,0.022007351395342236,0.23753148971712795,-0.45592828574042804
272,k__Bacteria;p__Proteobacteria;c__Gammaproteobacteria;o__Pasteurellales;f__Pasteurellaceae,k__Bacteria;p__Actinobacteria;c__Actinobacteria,ard regression,0.010733536574636762,0.17895240077427926,-0.5885787612229054
273,k__Bacteria;p__Proteobacteria;c__Gammaproteobacteria;o__Pasteurellales;f__Pasteurellaceae,k__Bacteria;p__Actinobacteria;c__Actinobacteria;o__Bifidobacteriales;f__Bifidobacteriaceae,ard regression,0.010733536574636762,0.17895240077427926,0.7518225779929825
274,k__Bacteria;p__Proteobacteria;c__Gammaproteobacteria;o__Pasteurellales;f__Pasteurellaceae,k__Bacteria;p__Bacteroidetes;c__Bacteroidia;o__Bacteroidales;NA,ard regression,0.010733536574636762,0.17895240077427926,0.885569697469167
275,k__Bacteria;p__Proteobacteria;c__Gammaproteobacteria;o__Pasteurellales;f__Pasteurellaceae,k__Bacteria;p__Proteobacteria;c__Gammaproteobacteria;o__Pasteurellales,ard regression,0.010733536574636762,0.17895240077427926,-0.3496239093107506
276,k__Bacteria;p__Proteobacteria;c__Gammaproteobacteria;o__Pasteurellales;f__Pasteurellaceae,k__Bacteria;p__Proteobacteria;c__Gammaproteobacteria;o__Pasteurellales;f__Pasteurellaceae,ard regression,0.010733536574636762,0.17895240077427926,-0.34962390931065024
277,k__Bacteria;p__Verrucomicrobia,k__Bacteria;p__Verrucomicrobia,ard regression,0.0025819319183479792,0.7181266223563308,-1.824552926213629
278,k__Bacteria;p__Verrucomicrobia,k__Bacteria;p__Verrucomicrobia;c__Verrucomicrobiae,ard regression,0.0025819319183479792,0.7181266223563308,-1.8245529262515465
279,k__Bacteria;p__Verrucomicrobia,k__Bacteria;p__Verrucomicrobia;c__Verrucomicrobiae;o__Verrucomicrobiales,ard regression,0.0025819319183479792,0.7181266223563308,-1.8245529261817375
280,k__Bacteria;p__Verrucomicrobia,k__Bacteria;p__Verrucomicrobia;c__Verrucomicrobiae;o__Verrucomicrobiales;f__Akkermansiaceae,ard regression,0.0025819319183479792,0.7181266223563308,5.488066213008998
281,k__Bacteria;p__Verrucomicrobia;c__Verrucomicrobiae,k__Bacteria;p__Verrucomicrobia,ard regression,0.00491455623696073,0.968021324065362,-2.4464550906880462
282,k__Bacteria;p__Verrucomicrobia;c__Verrucomicrobiae,k__Bacteria;p__Verrucomicrobia;c__Verrucomicrobiae,ard regression,0.00491455623696073,0.968021324065362,-2.446455090635586
283,k__Bacteria;p__Verrucomicrobia;c__Verrucomicrobiae,k__Bacteria;p__Verrucomicrobia;c__Verrucomicrobiae;o__Verrucomicrobiales,ard regression,0.00491455623696073,0.968021324065362,-2.4464550906337124
284,k__Bacteria;p__Verrucomicrobia;c__Verrucomicrobiae,k__Bacteria;p__Verrucomicrobia;c__Verrucomicrobiae;o__Verrucomicrobiales;f__Akkermansiaceae,ard regression,0.00491455623696073,0.968021324065362,7.36808718644714
285,k__Bacteria;p__Verrucomicrobia;c__Verrucomicrobiae;o__Verrucomicrobiales,k__Bacteria;p__Verrucomicrobia,ard regression,0.004651727165843534,1.0196146655521459,-2.5684097138833755
286,k__Bacteria;p__Verrucomicrobia;c__Verrucomicrobiae;o__Verrucomicrobiales,k__Bacteria;p__Verrucomicrobia;c__Verrucomicrobiae,ard regression,0.004651727165843534,1.0196146655521459,-2.568409713829337
287,k__Bacteria;p__Verrucomicrobia;c__Verrucomicrobiae;o__Verrucomicrobiales,k__Bacteria;p__Verrucomicrobia;c__Verrucomicrobiae;o__Verrucomicrobiales,ard regression,0.004651727165843534,1.0196146655521459,-2.568409713688367
288,k__Bacteria;p__Verrucomicrobia;c__Verrucomicrobiae;o__Verrucomicrobiales,k__Bacteria;p__Verrucomicrobia;c__Verrucomicrobiae;o__Verrucomicrobiales;f__Akkermansiaceae,ard regression,0.004651727165843534,1.0196146655521459,7.776224253633144
289,k__Bacteria;p__Verrucomicrobia;c__Verrucomicrobiae;o__Verrucomicrobiales;f__Akkermansiaceae,k__Bacteria;p__Verrucomicrobia,ard regression,0.006034903159298999,0.6672651094120174,-1.6909289954121807
290,k__Bacteria;p__Verrucomicrobia;c__Verrucomicrobiae;o__Verrucomicrobiales;f__Akkermansiaceae,k__Bacteria;p__Verrucomicrobia;c__Verrucomicrobiae,ard regression,0.006034903159298999,0.6672651094120174,-1.690928995409439
291,k__Bacteria;p__Verrucomicrobia;c__Verrucomicrobiae;o__Verrucomicrobiales;f__Akkermansiaceae,k__Bacteria;p__Verrucomicrobia;c__Verrucomicrobiae;o__Verrucomicrobiales,ard regression,0.006034903159298999,0.6672651094120174,-1.6909289954064628
292,k__Bacteria;p__Verrucomicrobia;c__Verrucomicrobiae;o__Verrucomicrobiales;f__Akkermansiaceae,k__Bacteria;p__Verrucomicrobia;c__Verrucomicrobiae;o__Verrucomicrobiales;f__Akkermansiaceae,ard regression,0.006034903159298999,0.6672651094120174,5.066202912970017
